2016-04-01 05:00:00,0.16640529,0.0,0.0,0.0,0.0,0.0,0.0,0.0,0.0,0.0,0.0,0.0,0.0,0.0,0.0,0.0,0.0,0.0,0.0,0.0,0.0,0.0,0.009707384,0.0,0.0,0.0,0.0,0.0,0.0,0.0,0.0,0.0,0.0,0.0,0.0,0.0,0.0,0.0,0.039109826,0.0,0.0,0.0,0.01669026,0.0,0.062246006,0.0,0.0,0.011104327,0.0,0.12976784,0.0,0.0,0.0,0.0,0.0,0.00021743169,0.0,0.022795128,0.0,0.0,0.0,0.0,0.0,0.0,0.0,0.0,0.0,0.0,0.0,0.0,0.0,0.13960335,0.0,0.0,0.0,0.0,0.0,0.0,0.0,0.0,0.0,0.091833055,0.0,0.0,0.0,0.0,0.0,0.005580768,0.0,0.0,0.0,0.0,0.0,0.0,0.0,0.0,0.0,0.0,0.0,0.0,0.0,0.0,0.0,0.0,0.0,0.0,0.0,0.026229408,0.0,0.0,0.07827236,0.0,0.0,0.14493635,0.0,0.0,0.0,0.0,0.0,0.0,0.0,0.15339124,0.0,0.0,0.0,0.0,0.0,0.0
2016-04-01 06:00:00,0.22276026,0.031341393,0.0,0.0,0.0,0.0,0.0,0.0,0.0,0.0,0.0,0.0,0.0,0.0,0.0,0.0,0.0,0.0,0.0,0.0,0.0,0.0,0.012390658,0.0,0.0,0.0,0.0,0.0,0.0,0.0,0.0,0.0,0.0,0.0,0.0,0.0,0.0,0.0,0.070948176,0.0,0.0,0.0,0.0,0.0,0.080118716,0.0,0.0,0.063161865,0.0,0.1784378,0.0,0.0,0.0,0.0,0.0,0.0,0.0,0.05937317,0.0,0.0,0.0,0.0,0.0,0.0,0.0,0.0,0.0,0.0,0.0,0.0,0.0,0.17012975,0.0,0.0,0.0,0.0,0.0,0.0,0.0,0.0,0.0,0.1305046,0.0,0.0,0.0,0.0,0.0,0.0,0.0,0.0,0.0,0.0,0.0,0.0,0.0,0.0,0.011890644,0.0,0.0,0.0,0.0,0.0,0.0,0.0,0.0,0.0,0.0,0.0044123605,0.0,0.0,0.018352315,0.0,0.0,0.19146845,0.0,0.0,0.0,0.0,0.0,0.0,0.0,0.19436345,0.0,0.0,0.0,0.0,0.0,0.0
2016-04-01 07:00:00,0.28756264,0.057565127,0.0,0.0,0.01447615,0.0,0.0,0.0,0.0,0.0,0.0,0.0,0.0,0.0,0.0,0.0,0.0,0.0,0.0,0.0,0.0,0.0,0.03780914,0.0,0.0,0.0,0.0,0.0,0.0,0.0,0.0,0.0,0.0,0.0056999475,0.0,0.0,0.0,0.0,0.102522865,0.0,0.0,0.0,0.0,0.0,0.080409735,0.0,0.0,0.12974173,0.0,0.22849831,0.0,0.0,0.0,0.0,0.0,0.0,0.0,0.10039269,0.0,0.0,0.0,0.0,0.0,0.0,0.0,0.0,0.0,0.0,0.0,0.0,0.0,0.22317159,0.0,0.0,0.0,0.0,0.0,0.0,0.0,0.0,0.0,0.15586725,0.0,0.0,0.0,0.0,0.0,0.0,0.020526502,0.0,0.0,0.0,0.0,0.0,0.0,0.0,0.06572253,0.0,0.0,0.0,0.0,0.0,0.0,0.0,0.0,0.0,0.0,0.0,0.0,0.025351964,0.0,0.0,0.0,0.24775852,0.0,0.0,0.0,0.0,0.0,0.0,0.0,0.25993773,0.0,0.0,0.0,0.0,0.021556474,0.0
2016-04-01 08:00:00,0.31629917,0.07751925,0.0,0.0,0.040637694,0.0,0.0,0.0,0.0,0.0,0.0,0.0,0.0,0.0,0.0,0.0,0.0,0.0,0.0,0.0,0.0,0.0,0.059885733,0.0,0.0,0.0,0.0,0.028825149,0.0,0.0,0.0,0.0,0.0,0.08177325,0.0,0.0,0.0,0.0,0.14228918,0.0,0.0,0.0,0.0,0.0,0.072181,0.0,0.0,0.20270616,0.0,0.2601601,0.0,0.0,0.0,0.0,0.04235833,0.0,0.0,0.15469597,0.0,0.0,0.0,0.0,0.0,0.0,0.0,0.0,0.0,0.0,0.0,0.0,0.0,0.27983683,0.0,0.0,0.0,0.0,0.0,0.0,0.0,0.0,0.0,0.18882893,0.0,0.0,0.0,0.0,0.014948484,0.0,0.06650135,0.0,0.0,0.0,0.0,0.0,0.0,0.0,0.115519635,0.0,0.0,0.0,0.0,0.0,0.0,0.0,0.0,0.0,0.0,0.0,0.0,0.082848094,0.0,0.0,0.0,0.27520204,0.0,0.0,0.0,0.0,0.0,0.0,0.0,0.3040433,0.0,0.0,0.0,0.0,0.07038016,0.0
2016-04-01 09:00:00,0.3119881,0.030557174,0.0,0.0,0.069818094,0.0,0.0,0.0,0.0,0.0,0.0,0.0,0.0,0.0,0.0,0.0,0.0,0.0,0.0,0.0,0.0,0.0,0.043398783,0.0,0.0,0.0,0.0,0.049002886,0.0,0.0,0.0,0.0,0.0,0.17618589,0.0,0.0,0.0,0.0,0.17326494,0.0,0.0,0.0,0.0,0.0,0.019146498,0.0,0.0,0.26129332,0.0,0.25138563,0.0,0.0,0.0,0.0,0.08199846,0.0,0.0,0.1913949,0.0,0.019097075,0.0,0.0,0.0,0.0,0.0,0.0,0.0,0.0,0.0,0.0,0.0,0.31325495,0.0,0.0,0.0,0.0,0.0,0.0,0.0,0.0,0.0,0.20158955,0.0,0.0,0.0,0.0,0.043545026,0.0,0.09446001,0.0,0.0,0.0,0.0,0.0,0.0,0.0,0.15212598,0.0,0.0,0.0,0.0,0.0,0.0,0.0,0.0,0.0019728094,0.0,0.0,0.0,0.11497364,0.03966981,0.0,0.0,0.29948705,0.0,0.0,0.0,0.0,0.0,0.0,0.0,0.2968237,0.0,0.0,0.0,0.0,0.0840658,0.0
2016-04-01 10:00:00,0.29611307,0.0,0.0,0.0,0.11064137,0.0,0.0,0.0,0.0,0.0,0.0,0.0,0.0,0.0,0.0,0.0,0.0,0.0,0.0,0.0,0.0,0.0,0.008744683,0.0,0.0,0.0,0.0,0.050616995,0.0,0.0,0.0,0.0,0.0,0.27642977,0.0,0.0,0.0,0.0,0.1931059,0.0,0.0,0.0,0.0,0.0,0.0,0.0,0.0,0.31793693,0.0,0.2264815,0.0,0.0,0.0,0.0,0.11119867,0.0,0.0,0.19258016,0.0,0.08534224,0.0,0.0,0.0,0.0,0.0,0.0,0.0,0.0,0.0,0.0,0.0,0.34062406,0.0,0.0,0.0,0.0,0.0,0.0,0.0,0.0,0.0,0.21431161,0.0,0.0,0.0,0.0,0.07146591,0.0,0.09690657,0.0,0.0,0.0,0.0,0.0035594255,0.0,0.0,0.1680906,0.0,0.0,0.0,0.0,0.0,0.0,0.0,0.0,0.014996491,0.0,0.0,0.0,0.13853914,0.13934594,0.0,0.0,0.32839322,0.0,0.0,0.0,0.0,0.0,0.0,0.0,0.276797,0.0,0.0,0.0,0.0,0.070641585,0.0
2016-04-01 11:00:00,0.2810607,0.0,0.0,0.0,0.15613258,0.0,0.0,0.0,0.0,0.0,0.0,0.0,0.0,0.0,0.0,0.0,0.0,0.0,0.0,0.0,0.0,0.0,0.0,0.0,0.0,0.0,0.0,0.042321667,0.0,0.0,0.0,0.0,0.0,0.35259965,0.0,0.0,0.0,0.0,0.19623144,0.0,0.0,0.0,0.0,0.0,0.0,0.0,0.0,0.34885514,0.0,0.18880899,0.0,0.0,0.0,0.0,0.1209226,0.0,0.0,0.17317843,0.0,0.12983179,0.0,0.0,0.0,0.0,0.0,0.0,0.0,0.0,0.0,0.0,0.0,0.35426188,0.0,0.0,0.0,0.0,0.0,0.0,0.0,0.0,0.0,0.2213913,0.0,0.0,0.0,0.0,0.08437511,0.0,0.08152777,0.0,0.0,0.0,0.0,0.033325456,0.0,0.0,0.16830815,0.0,0.0,0.0,0.0,0.0,0.0,0.0,0.0,0.030253328,0.0,0.0,0.0,0.15256488,0.21690755,0.0,0.0,0.36288768,0.0,0.0,0.0,0.0,0.0,0.0,0.0,0.25071973,0.0,0.0,0.0,0.0,0.050480865,0.0
2016-04-01 12:00:00,0.23880833,0.0,0.0,0.0,0.17839256,0.0,0.0,0.0,0.0,0.0,0.0,0.0,0.0,0.0,0.0031262515,0.0,0.0,0.0,0.0,0.0,0.0,0.0,0.0,0.0,0.0,0.0279731,0.0,0.023066655,0.0,0.0,0.0,0.0,0.0,0.39738846,0.0,0.0,0.0,0.0,0.1780209,0.0,0.0,0.0,0.003753378,0.0,0.0,0.0,0.0,0.34164384,0.0,0.12382214,0.0,0.0,0.0,0.0,0.104870535,0.0,0.0,0.12800908,0.0,0.1605113,0.0,0.0,0.0,0.0,0.0,0.0,0.0,0.0,0.0,0.0,0.0,0.32985407,0.0,0.0,0.0,0.0,0.0,0.0,0.0,0.0,0.0,0.20514855,0.0,0.0,0.0,0.0,0.081169724,0.0,0.064719066,0.0,0.0,0.0,0.0,0.050490506,0.0,0.0,0.14838696,0.0,0.0,0.013777129,0.0,0.0,0.0,0.0,0.0,0.048491538,0.0,0.0,0.0,0.1357328,0.2999486,0.0,0.0,0.3473825,0.0,0.0,0.0,0.0,0.0,0.004242193,0.0,0.20532939,0.0,0.0,0.0,0.0,0.012775607,0.0
2016-04-01 13:00:00,0.22724685,0.0,0.0,0.0,0.17789632,0.0,0.0,0.0,0.0,0.0,0.0,0.0,0.0,0.0,0.0,0.0,0.0,0.0,0.0,0.0,0.0,0.0,0.0,0.0,0.0,0.050496086,0.0,0.0,0.0,0.0,0.0,0.0,0.0,0.38478565,0.0,0.0,0.0,0.0,0.13288741,0.0,0.0,0.0,0.022659965,0.0,0.0,0.0,0.0,0.29010102,0.0,0.06353413,0.0,0.0,0.0,0.0,0.07555882,0.0,0.0,0.07561724,0.0,0.124148116,0.0,0.0,0.0,0.0,0.0,0.0,0.0,0.0,0.0,0.0,0.0,0.2986417,0.0,0.0,0.0,0.0,0.0,0.0,0.0,0.0,0.0,0.1687058,0.0,0.0,0.0,0.0,0.056020845,0.0,0.03468925,0.0,0.0,0.0,0.0,0.041811295,0.0,0.0,0.11853365,0.0,0.0,0.039611183,0.0,0.0,0.0,0.0,0.0,0.054428652,0.0,0.0,0.0,0.1202478,0.2773736,0.0,0.0,0.33466697,0.0,0.0,0.0,0.0,0.0,0.0,0.0,0.18083182,0.0,0.0,0.0,0.0,0.011961214,0.0
2016-04-01 14:00:00,0.26552802,0.0,0.0,0.0,0.1768462,0.0,0.0,0.0,0.0,0.0,0.0,0.0,0.0,0.0,0.0,0.0,0.0,0.0,0.0,0.0,0.0,0.0,0.056385525,0.0,0.0,0.014496043,0.0,0.0,0.0,0.0,0.0,0.0,0.0,0.3413817,0.0,0.0,0.0,0.0,0.10874722,0.0,0.0,0.0,0.019336697,0.0,0.0,0.0,0.0,0.26170182,0.0,0.067618266,0.0,0.0,0.0,0.0,0.060471185,0.0,0.0,0.071717486,0.0,0.06099935,0.0,0.0,0.0,0.0,0.0,0.0,0.0,0.0,0.0,0.0,0.0,0.30050746,0.0,0.0,0.0,0.0,0.0,0.0,0.0,0.0,0.0,0.16006865,0.0,0.0,0.0,0.0,0.043153096,0.0,0.014775749,0.0,0.0,0.0,0.0,0.025886782,0.0,0.0,0.1181122,0.0,0.0,0.034840025,0.0,0.0,0.0,0.0,0.0,0.05978337,0.0,0.0,0.0,0.13997102,0.20777297,0.0,0.0,0.3603589,0.0,0.0,0.020805933,0.0,0.0,0.0,0.0,0.22889335,0.0,0.0,0.0,0.0,0.040628813,0.0
2016-04-01 15:00:00,0.31311497,0.0,0.0,0.0,0.16976795,0.0,0.0,0.0,0.0,0.0,0.0,0.0,0.0,0.0,0.0,0.0,0.0,0.0,0.0,0.0,0.0,0.0,0.12478971,0.0,0.0,0.0,0.0,0.0056013316,0.0,0.0,0.0,0.0,0.0,0.2768268,0.0,0.0,0.0,0.0,0.10167442,0.0,0.0,0.0,0.002648267,0.0,0.0,0.0,0.0,0.25406775,0.0,0.10659926,0.0,0.0,0.0,0.0,0.040314205,0.0,0.0,0.10614545,0.0,0.0,0.0,0.0,0.0,0.0,0.0,0.0,0.0,0.0,0.0,0.0,0.0,0.3077335,0.0,0.0,0.0,0.0,0.0,0.0,0.0,0.0,0.0,0.18115442,0.0,0.0,0.0,0.0,0.027531575,0.0,0.020574037,0.0,0.0,0.0,0.0,0.0,0.0,0.0,0.13200884,0.0,0.0,0.0105786845,0.0,0.0,0.0,0.0,0.0,0.060439616,0.0,0.0,0.0,0.15457258,0.102648675,0.0,0.0,0.37114012,0.0,0.0,0.036215223,0.0,0.0,0.0,0.0,0.28344002,0.0,0.0,0.0,0.0,0.081675865,0.0
2016-04-01 16:00:00,0.28536308,0.0,0.0,0.0,0.14482924,0.0,0.0,0.0,0.0,0.0,0.0,0.0,0.0,0.0,0.0,0.0,0.0,0.0,0.0,0.0,0.0,0.0,0.13483822,0.0,0.0,0.0,0.0,0.0,0.0,0.0,0.0,0.0,0.0,0.16356622,0.0,0.0,0.0,0.0,0.07816073,0.0,0.0,0.0,0.02203463,0.0,0.0,0.0,0.0,0.21018744,0.0,0.11748028,0.0,0.0,0.0,0.0,0.0,0.0,0.0,0.11822387,0.0,0.0,0.0,0.0,0.0,0.0,0.0,0.0,0.0,0.0,0.0,0.0,0.0,0.26966918,0.0,0.0,0.0,0.0,0.0,0.0,0.0,0.0,0.0,0.16148652,0.0,0.0,0.0,0.0,0.0,0.0,0.0,0.0,0.0,0.0,0.0,0.0,0.0,0.0,0.11001893,0.0,0.0,0.0,0.0,0.0,0.0,0.0,0.0,0.024091557,0.0,0.0,0.0,0.10034313,0.037778713,0.0,0.0,0.30379683,0.0,0.0,0.016540855,0.0,0.0,0.0,0.0,0.27363288,0.0,0.0,0.0,0.0,0.06350165,0.0
2016-04-01 17:00:00,0.26988816,0.0,0.0,0.0,0.1192636,0.0,0.0,0.0,0.0,0.0,0.0,0.0,0.0,0.0,0.0,0.0,0.0,0.0,0.0,0.0,0.0,0.0,0.11676445,0.0,0.0,0.0,0.0,0.0011738837,0.0,0.0,0.0,0.0,0.0,0.08346157,0.0,0.0,0.0,0.0,0.07699866,0.0,0.0,0.0,0.029517561,0.0,0.0,0.0,0.0,0.18612856,0.0,0.14340052,0.0,0.0,0.0,0.0,0.0,0.0,0.0,0.13594866,0.0,0.0,0.0,0.0,0.0,0.0,0.0,0.0,0.0,0.0,0.0,0.0,0.0,0.23649931,0.0,0.0,0.0,0.0,0.0,0.0,0.0,0.0,0.0,0.14887011,0.0,0.0,0.0,0.0,0.0,0.0,0.0,0.0,0.0,0.0,0.0,0.0,0.0,0.0,0.11148306,0.0,0.0,0.0,0.0,0.0,0.0,0.0,0.0,0.006632313,0.0,0.0,0.0,0.06267097,0.033622157,0.0,0.0,0.2639855,0.0,0.0,0.0,0.0,0.0,0.0,0.0,0.257911,0.0,0.0,0.0,0.0,0.03964702,0.0
2016-04-01 18:00:00,0.25889763,0.0,0.0,0.0,0.09320349,0.0,0.0,0.0,0.0,0.0,0.0,0.0,0.0,0.0,0.0,0.0,0.0,0.0,0.0,0.0,0.0,0.0,0.07021694,0.0,0.0,0.0,0.0,0.0036018863,0.0,0.0,0.0,0.0,0.0,0.03259352,0.0,0.0,0.0,0.0,0.08080032,0.0,0.0,0.0,0.027669284,0.0,0.0,0.0,0.0,0.16286743,0.0,0.15538995,0.0,0.0,0.0,0.0,0.0,0.0,0.0,0.14207014,0.0,0.0,0.0,0.0,0.0,0.0,0.0,0.0,0.0,0.0,0.0,0.0,0.0,0.2061421,0.0,0.0,0.0,0.0,0.0,0.0,0.0,0.0,0.0,0.12882666,0.0,0.0,0.0,0.0,0.0,0.0,0.0,0.0,0.0,0.0,0.0,0.0,0.0,0.0,0.10970526,0.0,0.0,0.0,0.0,0.0,0.0,0.0,0.0,0.0013939887,0.0,0.0,0.0,0.028302573,0.06735067,0.0,0.0,0.24888892,0.0,0.0,0.0,0.0,0.0,0.0,0.0,0.22697102,0.0,0.0,0.0,0.0,0.011989377,0.0
2016-04-01 19:00:00,0.26227152,0.0,0.0,0.0,0.07452495,0.0,0.0,0.0,0.0,0.0,0.0,0.0,0.0,0.0,0.0,0.0,0.0,0.0,0.0,0.0,0.0,0.0,0.045852266,0.0,0.0,0.0,0.0,0.010792032,0.0,0.0,0.0,0.0,0.0,0.0068282858,0.0,0.0,0.0,0.0,0.085074596,0.0,0.0,0.0,0.02304016,0.0,0.0,0.0,0.0,0.15524063,0.0,0.17390518,0.0,0.0,0.0,0.0,0.0,0.0,0.0,0.1469821,0.0,0.0,0.0,0.0,0.0,0.0,0.0,0.0,0.0,0.0,0.0,0.0,0.0,0.20175102,0.0,0.0,0.0,0.0,0.0,0.0,0.0,0.0,0.0,0.12499784,0.0,0.0,0.0,0.0,0.0,0.0,0.0,0.0,0.0,0.0,0.0,0.0,0.0,0.0,0.11037468,0.0,0.0,0.0,0.0,0.0,0.0,0.0,0.0,0.0,0.0,0.0,0.0,0.017820202,0.068427294,0.0,0.0,0.2576993,0.0,0.0,0.0,0.0,0.0,0.0006433688,0.0,0.22333741,0.0,0.0,0.0,0.0,0.0032243133,0.0
2016-04-01 20:00:00,0.26646054,0.0,0.0,0.0,0.057765685,0.0,0.0,0.0,0.0,0.0,0.0,0.0,0.0,0.0,0.0,0.0,0.0,0.0,0.0,0.0,0.0,0.0,0.031476595,0.0,0.0,0.0,0.0,0.017275035,0.0,0.0,0.0,0.0,0.0,0.0,0.0,0.0,0.0,0.0,0.08705412,0.0,0.0,0.0,0.013962093,0.0,0.0016769543,0.0,0.0,0.14977057,0.0,0.18473004,0.0,0.0,0.0,0.0,0.0,0.0,0.0,0.14659968,0.0,0.0,0.0,0.0,0.0,0.0,0.0,0.0,0.0,0.0,0.0,0.0,0.0,0.20325929,0.0,0.0,0.0,0.0,0.0,0.0,0.0,0.0,0.0,0.120252565,0.0,0.0,0.0,0.0,0.0,0.0,0.0,0.0,0.0,0.0,0.0,0.0,0.0,0.0,0.11022087,0.0,0.0,0.0,0.0,0.0,0.0,0.0,0.0,0.0,0.0,0.0,0.0,0.014361702,0.06456855,0.0,0.0,0.26985854,0.0,0.0,0.0,0.0,0.0,0.0034866743,0.0,0.22135554,0.0,0.0,0.0,0.0,0.0038757622,0.0
2016-04-01 21:00:00,0.27074847,0.0,0.0,0.0,0.046189077,0.0,0.0,0.0,0.0,0.0,0.0,0.0,0.0,0.0,0.0,0.0,0.0,0.0,0.0,0.0,0.0,0.0,0.03399741,0.0,0.0,0.0,0.0,0.028991073,0.0,0.0,0.0,0.0,0.0,0.0,0.0,0.0,0.0,0.0,0.09709352,0.0,0.0,0.0,0.00815997,0.0,0.009166226,0.0,0.0,0.1472338,0.0,0.19023046,0.0,0.0,0.0,0.0,0.0,0.0,0.0,0.15991193,0.0,0.0,0.0,0.0,0.0,0.0,0.0,0.0,0.0,0.0,0.0,0.0,0.0,0.205206,0.0,0.0,0.0,0.0,0.0,0.0,0.0,0.0,0.0,0.12121846,0.0,0.0,0.0,0.0,0.0,0.0,0.0,0.0,0.0,0.0,0.0,0.0,0.0,0.0,0.11537718,0.0,0.0,0.0,0.0,0.0,0.0,0.0,0.0,0.0017639399,0.0,0.0,0.0,0.011528857,0.08330464,0.0,0.0,0.2720688,0.0,0.0,0.0,0.0,0.0,0.0,0.0,0.22220653,0.0,0.0,0.0,0.0,0.008923031,0.0
2016-04-01 22:00:00,0.26992178,0.0,0.0,0.0,0.039349556,0.0,0.0,0.0,0.0,0.0,0.0,0.0,0.0,0.0,0.0,0.0,0.0,0.0,0.0,0.0,0.0,0.0,0.03093329,0.0,0.0,0.0,0.0,0.038456857,0.00451606,0.0,0.0,0.0,0.0,0.0,0.0,0.0,0.0,0.0,0.10853552,0.0,0.0,0.0,0.0,0.0,0.0,0.0,0.0,0.13486357,0.0,0.1843925,0.0,0.0,0.0,0.0,0.0,0.0,0.0,0.16346386,0.0,0.0,0.0,0.0,0.0,0.0,0.0,0.0,0.0,0.0,0.0,0.0,0.0,0.19190419,0.0,0.0,0.0,0.0,0.0,0.0,0.0,0.0,0.0,0.12276997,0.0,0.0,0.0,0.0,0.0,0.0,0.0,0.0,0.0,0.0,0.0,0.0,0.0,0.0,0.115884416,0.0,0.0,0.0,0.0,0.0,0.0,0.0,0.0,0.014506251,0.0,0.0,0.0,0.0,0.12070058,0.0,0.0,0.25944072,0.0,0.0,0.0,0.0,0.0,0.0,0.0,0.2067742,0.0,0.0,0.0,0.0,0.004359059,0.0
2016-04-01 23:00:00,0.27175125,0.0,0.0,0.0,0.038834117,0.0,0.0,0.0,0.0,0.0,0.0,0.0,0.0,0.0,0.0,0.0,0.0,0.0,0.0,0.0,0.0,0.0,0.031219862,0.0,0.0,0.0,0.0,0.03770195,0.0,0.0,0.0,0.0,0.0,0.0,0.0,0.0,0.0,0.0,0.11425728,0.0,0.0,0.0,0.0,0.0,0.0064466298,0.0,0.0,0.13108887,0.0,0.19096187,0.0,0.0,0.0,0.0,0.0,0.0,0.0,0.15692952,0.0,0.0,0.0,0.0,0.0,0.0,0.0,0.0,0.0,0.0,0.0,0.0,0.0,0.19039065,0.0,0.0,0.0,0.0,0.0,0.0,0.0,0.0,0.0,0.13005657,0.0,0.0,0.0,0.0,0.0,0.0,0.0,0.0,0.0,0.0,0.0,0.0,0.0,0.0,0.1043796,0.0,0.0,0.0,0.0,0.0,0.0,0.0,0.0,0.012601078,0.0,0.0,0.0,0.0,0.09445147,0.0,0.0,0.25197488,0.0,0.0,0.0,0.0,0.0,0.0,0.0,0.2126784,0.0,0.0,0.0,0.0,0.00018750131,0.0
2016-04-02 00:00:00,0.24947882,0.0,0.0,0.0,0.044395797,0.0,0.0,0.0,0.0,0.0,0.0,0.0,0.0,0.0,0.0,0.0,0.0,0.0,0.0,0.0,0.0,0.0,0.0,0.0,0.0,0.0,0.0,0.004341617,0.0,0.0,0.0,0.0,0.0,0.0,0.0,0.0,0.0,0.0,0.10440744,0.0,0.0,0.0,0.0,0.0,0.0,0.0,0.0,0.10833953,0.0,0.16564156,0.0,0.0,0.0,0.0,0.0,0.0,0.0,0.11642974,0.0,0.0,0.0,0.0,0.0,0.0,0.0,0.0,0.0,0.0,0.0,0.0,0.0,0.1651234,0.0,0.0,0.0,0.0,0.0,0.0,0.0,0.0,0.0,0.10603531,0.0,0.0,0.0,0.0,0.0,0.056765966,0.0,0.0,0.0,0.0,0.0,0.0,0.0,0.0,0.07443985,0.0,0.0,0.0,0.0,0.0,0.0,0.0,0.0,0.009154744,0.0,0.0,0.0,0.0,0.1248286,0.0,0.0,0.24522974,0.0,0.0,0.0,0.0,0.0,0.0,0.0,0.17288631,0.0,0.0,0.0,0.0,0.0,0.0
2016-04-02 01:00:00,0.2740786,0.0,0.0,0.0,0.033441797,0.0,0.0,0.0,0.0,0.0,0.0,0.0,0.0,0.0,0.0,0.0,0.0,0.0,0.0,0.0,0.0,0.0,0.0042181797,0.0,0.0,0.0,0.0,0.017385066,0.0,0.0,0.0,0.0,0.0,0.0,0.0,0.0,0.0,0.0,0.110794894,0.0,0.0,0.0,0.0,0.0,0.0,0.0,0.0,0.118643984,0.0,0.15885429,0.0,0.0,0.0,0.0,0.0,0.0,0.0,0.1294946,0.0,0.0,0.0,0.0,0.0,0.0,0.0,0.0,0.0,0.0,0.0,0.0,0.0,0.18636629,0.0,0.0,0.0,0.0,0.0,0.0,0.0,0.0,0.0,0.1070278,0.0,0.0,0.0,0.0,0.0,0.007884279,0.0,0.0,0.0,0.0,0.0,0.0,0.0,0.0,0.087798186,0.0,0.0,0.0,0.0,0.0,0.0,0.0,0.0,0.0,0.0,0.0,0.0,0.0,0.0415065,0.0,0.0,0.25567603,0.0,0.0,0.0,0.0,0.0,0.0,0.0,0.18979639,0.0,0.0,0.0,0.0,0.0004956946,0.0
2016-04-02 02:00:00,0.26147082,0.0,0.0,0.0,0.022110023,0.0,0.0,0.0,0.0,0.0,0.0,0.0,0.0,0.0,0.0,0.0,0.0,0.0,0.0,0.0,0.0,0.0,0.026988693,0.0,0.0,0.0,0.0,0.013284236,0.0,0.0,0.0,0.0,0.0,0.0,0.0,0.0,0.0,0.0,0.097576365,0.0,0.0,0.0,0.0,0.0,0.017035678,0.0,0.0,0.11372052,0.0,0.16621974,0.0,0.0,0.0,0.0,0.0,0.0,0.0,0.12904917,0.0,0.0,0.0,0.0,0.0,0.0,0.0,0.0,0.0,0.0,0.0,0.0,0.0,0.19562292,0.0,0.0,0.0,0.003074415,0.0,0.0,0.0,0.0,0.0,0.10568163,0.0,0.0,0.0,0.0,0.0,0.0,0.0,0.0,0.0,0.0,0.0,0.0,0.0,0.0,0.080782615,0.0,0.0,0.0,0.0,0.0,0.0,0.0,0.0,0.0,0.0,0.0,0.0,0.0,0.001784689,0.0,0.0,0.24109426,0.0,0.0,0.0,0.0,0.0,0.0,0.0,0.20668599,0.0,0.0,0.0,0.0,0.013774224,0.0
2016-04-02 03:00:00,0.28243756,0.0,0.0,0.0,0.022613436,0.0,0.0,0.0,0.0,0.0,0.0,0.0,0.0,0.0,0.0,0.0,0.0,0.0,0.0,0.0,0.0,0.0,0.06279949,0.0,0.0,0.0,0.0,0.051257297,0.0,0.0,0.0,0.0,0.0,0.0,0.0,0.0,0.0,0.0,0.114100374,0.0,0.0,0.0,0.0,0.0,0.029015955,0.0,0.0,0.14649937,0.0,0.20447926,0.0,0.0,0.0,0.0,0.0,0.0,0.00505517,0.17286164,0.0,0.0,0.0,0.0,0.0,0.0,0.0,0.0,0.0,0.0,0.0,0.0,0.0,0.23140436,0.0,0.0,0.0,0.0,0.0,0.0,0.0,0.0,0.0,0.1378323,0.0,0.0,0.0,0.0,0.0,0.0,0.0048972517,0.0,0.0,0.0,0.0,0.0,0.0,0.0,0.12225252,0.0,0.0,0.0,0.0,0.0,0.0,0.0,0.0,0.0,0.0,0.0,0.0,0.011234775,0.019846888,0.0,0.0,0.2685861,0.0,0.0,0.0,0.0,0.0,0.0,0.0,0.24387002,0.0,0.0,0.0,0.0,0.044473864,0.0
2016-04-02 04:00:00,0.24753386,0.006076023,0.0,0.0,0.01932428,0.0,0.0,0.0,0.0,0.0,0.0,0.0,0.0,0.0,0.0,0.0,0.0,0.0,0.0,0.0,0.0,0.0,0.065398164,0.0,0.0,0.0,0.0,0.035510242,0.0,0.0,0.0,0.0,0.0,0.0,0.0,0.0,0.0,0.0,0.1007892,0.0,0.0,0.0,0.008398706,0.0,0.040220764,0.0,0.0,0.13261941,0.0,0.20039313,0.0,0.0,0.0,0.0,0.0,0.0,0.0126038045,0.14109993,0.0,0.0,0.0,0.0,0.0,0.0,0.0,0.0,0.0,0.0,0.0,0.0,0.0,0.21854335,0.0,0.0,0.0,0.019001637,0.0,0.0,0.0,0.009642687,0.0,0.11531502,0.0,0.0,0.0,0.0,0.0,0.0,0.0,0.0,0.0,0.0,0.0,0.0,0.0,0.0,0.10431967,0.0,0.0,0.0,0.0,0.0,0.0,0.0,0.0,0.0,0.0,0.0,0.0,0.0,0.0,0.0,0.0,0.22363491,0.0,0.0,0.0,0.0,0.0,0.0,0.0,0.23652726,0.0,0.0,0.0,0.0,0.018804215,0.0
2016-04-02 05:00:00,0.22015667,0.0,0.0,0.0,0.014961809,0.0,0.0,0.0,0.0,0.0,0.0,0.0,0.0,0.0,0.0,0.0,0.0,0.0,0.0,0.0,0.0,0.0,0.046943866,0.0,0.0,0.0,0.0,0.031065539,0.0,0.0,0.0,0.0,0.0,0.0,0.0,0.0,0.0,0.0,0.09979118,0.0,0.0,0.0,0.029006667,0.0,0.02272065,0.0,0.0,0.11140984,0.0,0.1823066,0.0,0.0,0.0,0.0,0.0,0.0,0.027331129,0.12587902,0.0,0.0,0.0,0.0,0.0,0.0,0.0,0.0,0.0,0.0,0.0,0.0,0.0,0.18985754,0.0,0.0,0.0,0.00444125,0.0,0.0,0.0,0.00796365,0.0,0.09658302,0.0,0.0,0.0,0.0,0.0,0.0,0.0,0.0,0.0,0.0,0.0,0.0,0.0,0.0,0.10785511,0.0,0.0,0.0,0.0,0.0,0.0,0.0,0.0,0.0,0.0,0.014758602,0.0,0.0,0.0,0.0,0.0,0.18199483,0.0,0.0,0.0,0.0,0.0,0.010557715,0.0,0.1997279,0.0,0.0,0.0,0.0,0.0,0.0
2016-04-02 06:00:00,0.23420146,0.0,0.0,0.0,0.036949724,0.0,0.0,0.0,0.0,0.0,0.0,0.0,0.0,0.0,0.0,0.0,0.0,0.0,0.0,0.0,0.0,0.0,0.025271311,0.0,0.0,0.0,0.0,0.03558089,0.0,0.0,0.0,0.0,0.0,0.0,0.0,0.0,0.0,0.0,0.12544684,0.0,0.0,0.0,0.012920334,0.0,0.010087047,0.0,0.0,0.117960095,0.0,0.19776626,0.0,0.0,0.0,0.0,0.0,0.0,0.0027487292,0.11397048,0.0,0.0,0.0,0.0,0.0,0.0,0.0,0.0,0.0,0.0,0.0,0.0,0.0,0.17290056,0.0,0.0,0.0,0.0069519132,0.0,0.0,0.0,0.012030492,0.0,0.110596836,0.0,0.0,0.0,0.0,0.0,0.0,0.0,0.0,0.0,0.0,0.0,0.0,0.0,0.0,0.11233265,0.0,0.0,0.0,0.0,0.0,0.0,0.0,0.0,0.0,0.0,0.025481395,0.0,0.0,0.0,0.0,0.0,0.16728437,0.0,0.0,0.0,0.0,0.0,0.018330112,0.0,0.19678637,0.0,0.0,0.0,0.0,0.0,0.0
2016-04-02 07:00:00,0.25082922,0.008268621,0.0,0.0,0.072305754,0.0,0.0,0.0,0.0,0.0,0.0,0.0,0.0,0.0,0.0,0.0,0.0,0.0,0.0,0.0,0.0,0.0,0.012787186,0.0,0.0,0.0,0.0077033034,0.015385702,0.0,0.0,0.0,0.0,0.0,0.0,0.0,0.0,0.0,0.0,0.123406164,0.0,0.0,0.0,0.0,0.0,0.0,0.0,0.0,0.15356278,0.0,0.21345003,0.0,0.0,0.0,0.0,0.0,0.0,0.0,0.10346251,0.0,0.0,0.0,0.0,0.0,0.0,0.0,0.0,0.0,0.0,0.0,0.0,0.0,0.20301127,0.0,0.0,0.0,0.04549338,0.0,0.0,0.0,0.014953954,0.032356538,0.1245099,0.025988236,0.0,0.0,0.0,0.0,0.0,0.0,0.0,0.0,0.0,0.0,0.0,0.0,0.0,0.11152101,0.0,0.0,0.0,0.0070052557,0.0,0.0,0.0,0.0,0.0,0.0,0.007876061,0.0,0.018284194,0.0,0.0,0.0,0.20482576,0.0,0.0,0.0,0.0,0.0,0.022088684,0.0,0.21456759,0.0,0.0,0.0,0.0,0.011775635,0.0
2016-04-02 08:00:00,0.23192772,0.0,0.0,0.0,0.07830601,0.0,0.0,0.0,0.0,0.0,0.0,0.0,0.0,0.0,0.0,0.0,0.0,0.030045785,0.0,0.0,0.0,0.0,0.0,0.0,0.0,0.0,0.033990514,0.0,0.0,0.0,0.0,0.0,0.0,0.08312994,0.0,0.0,0.0,0.0,0.10596835,0.0,0.0,0.0,0.00027087005,0.0,0.0,0.0,0.0,0.17920527,0.0,0.19512375,0.0,0.0,0.0,0.0,0.0,0.0,0.0,0.0904801,0.0,0.0041323006,0.0,0.0,0.0,0.0,0.0,0.0,0.0027836338,0.0,0.0,0.0,0.0,0.23334906,0.0,0.0,0.0,0.071017265,0.0,0.0,0.0,0.0,0.07634623,0.12395182,0.07211685,0.0,0.0,0.0,0.0013742074,0.0,0.0,0.0,0.0021378472,0.0,0.0,0.0,0.0,0.0,0.098943435,0.0,0.0,0.0,0.08971448,0.0,0.0,0.0,0.0,0.0,0.0,0.0,0.0,0.042799063,0.0,0.0,0.0,0.23411657,0.0,0.0,0.0023498535,0.0,0.0,0.0412652,0.0,0.20001334,0.0,0.0,0.0,0.0,0.027346745,0.0
2016-04-02 09:00:00,0.21011749,0.0,0.0,0.0,0.057733282,0.0,0.0,0.0,0.0,0.0,0.0,0.0,0.0,0.0,0.0,0.0,0.0,0.024807386,0.0,0.0,0.0,0.0,0.0,0.0,0.0,0.0023676604,0.02083816,0.0,0.0,0.0,0.0,0.0,0.0,0.18084213,0.0,0.0,0.0,0.0,0.09079548,0.0,0.0,0.0,0.0069404235,0.0,0.0,0.0,0.0,0.19857936,0.0,0.16865288,0.0,0.0,0.0,0.0,0.038048334,0.0,0.0,0.08132398,0.0,0.03600981,0.0,0.0,0.0,0.0,0.0,0.0,0.018507563,0.0,0.0,0.0,0.0,0.27668154,0.0,0.0,0.0,0.06400795,0.0,0.0,0.0,0.0,0.041902345,0.11669047,0.0793726,0.0,0.0,0.0,0.01674373,0.0,0.0124303885,0.0,0.0026875436,0.0,0.0,0.0,0.0,0.0,0.09002159,0.0,0.0,0.0,0.124933034,0.0,0.0,0.0,0.0,0.0,0.0,0.0,0.0,0.06362107,0.0,0.0,0.0,0.2887833,0.0,0.0,0.013080463,0.0,0.0,0.03963188,0.0,0.18155412,0.0,0.0,0.0,0.0,0.042129032,0.0
2016-04-02 10:00:00,0.18645823,0.0,0.0,0.0,0.028174005,0.0,0.0,0.0,0.0,0.0,0.0,0.0,0.0,0.0,0.0,0.0,0.0,0.04086794,0.0,0.0,0.0,0.0,0.0,0.0,0.0,0.049508885,0.02890243,0.0,0.0,0.0,0.0,0.0,0.0,0.24161497,0.0,0.0,0.0,0.0,0.06416501,0.0,0.0,0.0,0.00095224474,0.0,0.0,0.0,0.0,0.20062806,0.0,0.13406228,0.0,0.0,0.0,0.0,0.07934754,0.0,0.0,0.03931891,0.0,0.036071904,0.0,0.0,0.0,0.0,0.0,0.0,0.033117943,0.0,0.0019188132,0.0,0.0,0.30715328,0.0,0.0,0.0,0.08586669,0.0,0.0,0.0,0.0,0.0437428,0.09908542,0.08067308,0.0,0.0,0.0,0.024538573,0.0,0.008335903,0.0,0.0,0.0,0.0,0.0,0.0,0.0,0.0579575,0.0,0.0,0.0,0.15698822,0.0,0.0,0.0,0.0,0.0,0.0,0.0,0.0,0.071969725,0.0,0.0,0.0,0.3291276,0.0,0.0,0.011824414,0.0,0.0,0.010054734,0.0,0.17408678,0.0,0.0,0.0,0.0,0.059974037,0.0
2016-04-02 11:00:00,0.16982403,0.0,0.0,0.0,0.0,0.0,0.0,0.0,0.0,0.0,0.0,0.0,0.0,0.0,0.0,0.0,0.0,0.02154918,0.0,0.0,0.0,0.0,0.0,0.0,0.0,0.09743282,0.0045023514,0.0,0.0,0.0,0.0,0.0,0.0,0.29925877,0.0,0.0,0.0,0.0,0.047392126,0.0,0.0,0.0,0.0044572605,0.0,0.0,0.0,0.0,0.1914972,0.0,0.09714237,0.0,0.0,0.0,0.0,0.110351406,0.0,0.0,0.030971007,0.0,0.021671794,0.0,0.0,0.0,0.0,0.0,0.0,0.024840958,0.0,0.0,0.0,0.0,0.33443815,0.0,0.0,0.0,0.06980309,0.0,0.0,0.0,0.0,0.0,0.091153964,0.053202312,0.0,0.0,0.0,0.025675494,0.0,0.029042412,0.0,0.0,0.0,0.0,0.0,0.0,0.0,0.040312134,0.0,0.0,0.0,0.17789264,0.0,0.0,0.0,0.0,0.0,0.0,0.0,0.0,0.07191945,0.0,0.0,0.0,0.37553108,0.0,0.0,0.012602389,0.0,0.0,0.0,0.0,0.15909833,0.0,0.0,0.0,0.0,0.08362018,0.0
2016-04-02 12:00:00,0.12534893,0.0,0.0,0.0,0.0,0.0,0.0,0.0,0.0,0.010481916,0.0,0.0,0.0,0.0,0.0,0.0,0.0,0.0,0.0,0.0,0.0,0.0,0.0,0.0,0.0,0.11616622,0.019606024,0.0,0.0,0.0,0.0,0.0,0.0,0.2946791,0.0,0.0,0.0,0.0,0.0,0.0,0.0,0.0,0.0,0.0,0.0,0.0,0.0,0.11389513,0.0,0.028801633,0.0,0.0,0.0,0.0,0.100460865,0.0,0.0,0.0,0.0,0.0,0.0,0.0,0.0,0.0,0.0,0.0,0.0,0.0,0.00095886365,0.0,0.0,0.31789473,0.0,0.0,0.0,0.088126495,0.0,0.0,0.0,0.0,0.0,0.044553846,0.062115412,0.0,0.0,0.0,0.0,0.0,0.0049325563,0.0,0.0,0.0,0.0,0.0,0.0,0.0,0.0,0.0,0.0,0.0,0.18399689,0.0,0.0,0.0,0.0,0.0,0.0,0.0,0.0,0.025951825,0.0,0.0,0.0,0.3804556,0.0,0.0,0.0053398013,0.0,0.0,0.0,0.0,0.09845056,0.0,0.0,0.0,0.0,0.070982285,0.0
2016-04-02 13:00:00,0.09425305,0.0,0.0,0.0,0.0,0.0,0.0,0.0,0.0,0.08983836,0.0,0.0,0.0,0.0,0.0,0.0,0.0,0.0,0.0,0.0,0.0,0.0,0.0,0.0,0.0,0.11574544,0.0,0.0,0.0,0.0,0.0,0.0,0.0,0.2922446,0.0,0.0,0.0,0.0,0.0,0.0,0.0,0.0,0.0,0.0,0.0,0.0,0.0,0.04808124,0.0,0.0,0.0,0.0,0.0,0.0,0.07017579,0.0,0.0,0.0,0.0,0.0,0.0,0.0,0.0,0.0,0.0,0.0,0.0,0.0,0.0,0.0,0.0,0.2807677,0.0,0.0,0.0,0.039088294,0.0,0.0,0.0,0.0,0.0,0.02679713,0.01518495,0.0,0.0,0.0,0.0,0.0,0.03725901,0.0,0.0,0.0,0.0,0.0,0.0,0.0,0.0,0.0,0.0,0.0,0.15959495,0.0,0.0,0.0,0.0,0.0,0.0,0.0,0.0,0.0,0.0,0.0,0.0,0.41446364,0.0,0.0,0.0,0.0,0.0,0.0,0.0,0.029287972,0.0,0.0,0.0,0.0,0.06560173,0.0
2016-04-02 14:00:00,0.0923555,0.0,0.0,0.0,0.0,0.0,0.0,0.0,0.0,0.19388759,0.0,0.0,0.0,0.0,0.0,0.0,0.0,0.0,0.0,0.0,0.0,0.0,0.0,0.0,0.0,0.10378964,0.0,0.0,0.0,0.0,0.0,0.0,0.0,0.28827482,0.0,0.0,0.0,0.0,0.0,0.0,0.0,0.0,0.0,0.0,0.0,0.0,0.0,0.0,0.0,0.0,0.0,0.0,0.0,0.0,0.057380818,0.0,0.0044693234,0.0,0.003063457,0.0,0.0,0.0,0.0,0.0,0.0,0.0,0.0,0.0,0.0,0.0,0.0,0.26657382,0.0,0.04288859,0.0,0.049636487,0.0,0.0,0.0,0.0,0.0,0.020471111,0.0017985199,0.0,0.0,0.0,0.0,0.0,0.030135106,0.0,0.0,0.0,0.0,0.0,0.0,0.0,0.0,0.0,0.0,0.0,0.15438151,0.0,0.0,0.0,0.0,0.0,0.0,0.0,0.0,0.0,0.0,0.0,0.0,0.4817226,0.0,0.0,0.0,0.0,0.0,0.0,0.0,0.0,0.0,0.0,0.0,0.0,0.07408828,0.0
2016-04-02 15:00:00,0.058123417,0.0,0.0,0.0,0.0,0.0,0.0,0.0,0.0,0.28306606,0.0,0.0,0.0,0.0,0.0,0.0,0.0,0.0,0.0,0.0,0.0,0.0,0.0,0.0,0.0,0.08173238,0.0,0.0,0.0,0.0,0.0,0.0,0.0,0.23795149,0.0,0.0,0.0,0.0,0.0,0.0,0.0,0.0,0.0,0.0,0.0,0.0,0.0,0.0,0.0,0.0,0.0,0.0,0.0,0.0,0.021492831,0.0,0.06979973,0.0,0.08607199,0.0,0.0,0.01459099,0.0,0.0,0.0,0.0,0.0,0.0,0.0,0.0,0.0,0.22831208,0.0,0.084022455,0.0,0.029991187,0.0,0.0,0.0,0.0,0.0,0.0,0.0,0.0,0.0,0.0,0.0,0.0,0.04093342,0.0,0.0,0.0,0.0,0.0,0.0,0.0,0.0,0.0,0.0,0.0,0.09368347,0.0,0.0,0.0,0.0,0.0,0.0,0.0,0.0,0.0,0.021258634,0.0,0.0,0.49424934,0.0,0.0,0.0,0.0,0.0,0.0,0.0,0.0,0.0,0.0,0.0,0.0,0.087908305,0.0
2016-04-02 16:00:00,0.0,0.0,0.0,0.0,0.0,0.0,0.0,0.0,0.0,0.2693083,0.0,0.0,0.0,0.0,0.0,0.0,0.0,0.0,0.0,0.0,0.0,0.0,0.0,0.0,0.0,0.044811293,0.016139265,0.0,0.0,0.0,0.0,0.0,0.0,0.050925277,0.0,0.0,0.0,0.0,0.0,0.0,0.0,0.0,0.0,0.023903362,0.0,0.0,0.0,0.0,0.0,0.0,0.0,0.0,0.0,0.0,0.0,0.0,0.16005197,0.0,0.23572361,0.0,0.0,0.03259857,0.0,0.0,0.0,0.0,0.0,0.0,0.0,0.0,0.0,0.11520167,0.0,0.09038093,0.0,0.037063356,0.0,0.0,0.0,0.0,0.0,0.0,0.0,0.0,0.0,0.0,0.0,0.0,0.0,0.0,0.0,0.0,0.0,0.0,0.0,0.0,0.0,0.0,0.0,0.0,0.0,0.0,0.0,0.0,0.0,0.0,0.0,0.0,0.0,0.0,0.0,0.0,0.0,0.26357374,0.0,0.0,0.0,0.0,0.0,0.0,0.0,0.0,0.0,0.0,0.0,0.0,0.068875216,0.0
2016-04-02 17:00:00,0.0,0.0,0.0,0.0,0.0,0.0,0.0,0.0,0.0,0.15282297,0.0,0.0,0.0,0.0,0.0,0.0,0.0,0.0,0.0,0.0,0.0,0.0,0.0,0.0,0.09354391,0.0,0.14276904,0.0,0.0,0.0,0.0,0.0,0.0,0.0,0.0,0.0,0.0,0.0,0.0,0.0,0.0,0.0044811517,0.0,0.058849514,0.0,0.0,0.0,0.0,0.0,0.0,0.0,0.0,0.0,0.0,0.0,0.0,0.20780127,0.0,0.2756962,0.0,0.0,0.01996988,0.0,0.0,0.0,0.0,0.0,0.0,0.052386604,0.0,0.0,0.06878923,0.0,0.024077378,0.0,0.054835718,0.0,0.0,0.0,0.00955349,0.0,0.0,0.0,0.0,0.0,0.0,0.0,0.0,0.0,0.0,0.0,0.0,0.0,0.0,0.0,0.0,0.0,0.0013708286,0.0,0.0,0.0,0.0,0.0,0.0,0.0,0.0,0.0,0.0,0.0,0.0,0.0,0.0,0.0,0.06840849,0.0,0.0,0.0,0.0,0.0,0.0,0.0,0.0,0.0,0.0,0.0,0.0,0.06991168,0.0
2016-04-02 18:00:00,0.0,0.0,0.0,0.0,0.0,0.0,0.0,0.0,0.0,0.089258514,0.0,0.0,0.0,0.0,0.0,0.0,0.0,0.0,0.0,0.0,0.0,0.0,0.0,0.0,0.1340632,0.0,0.1679797,0.0,0.0,0.0,0.0,0.0,0.0,0.0,0.0,0.0,0.0,0.0,0.0,0.0,0.0,0.010400396,0.0,0.0788828,0.0,0.0,0.0,0.0,0.0,0.0,0.0,0.0,0.0,0.0,0.0,0.0,0.2411068,0.0,0.27738047,0.0,0.0,0.010920551,0.0,0.0,0.0,0.0,0.0,0.0,0.09876715,0.0,0.0,0.075392336,0.0,0.0,0.0,0.049898032,0.0,0.0,0.0,0.033372734,0.0,0.0,0.0,0.0,0.026424654,0.0,0.0,0.0,0.0,0.0,0.0,0.0,0.0,0.0,0.0,0.0,0.0,0.013075985,0.0,0.0,0.0,0.0,0.0,0.0,0.0,0.0,0.0,0.0029347353,0.0,0.0,0.0,0.0,0.0,0.0,0.0,0.0,0.0,0.0,0.0,0.0,0.0,0.0,0.0,0.0,0.0,0.0,0.09489364,0.0
2016-04-02 19:00:00,0.0,0.0,0.0,0.0,0.0,0.0,0.0,0.0,0.0,0.07778589,0.0,0.0,0.0,0.0,0.0,0.0,0.0,0.0,0.0,0.0,0.0,0.0,0.0,0.0,0.1861382,0.0,0.18753514,0.0,0.0,0.0,0.0,0.0,0.0,0.0,0.0,0.0,0.0,0.0,0.0,0.0,0.0,0.03909389,0.0,0.07971515,0.0,0.0,0.0,0.0,0.0,0.0,0.0,0.0,0.0,0.0,0.0,0.0,0.26247615,0.0,0.2882254,0.0,0.0,0.03484942,0.0,0.0,0.0,0.0,0.0,0.0,0.12959714,0.0,0.0,0.05851524,0.012343489,0.0,0.0,0.04131864,0.0,0.0,0.0,0.055567026,0.0,0.0,0.0,0.0,0.049554117,0.0,0.0,0.0,0.0,0.0,0.0,0.0,0.0,0.0,0.0,0.0,0.0,0.002468247,0.0,0.0,0.0,0.0,0.0,0.0,0.0,0.0,0.0,0.0,0.0,0.0,0.0,0.0,0.0,0.0,0.0,0.0,0.0,0.0,0.0,0.0,0.0,0.0,0.0,0.0,0.0,0.0,0.09924411,0.0
2016-04-02 20:00:00,0.0,0.0,0.0,0.0,0.0,0.0,0.0,0.0,0.0,0.0102040395,0.0,0.0,0.0,0.0,0.0,0.0,0.0,0.0,0.0,0.0,0.0,0.0,0.0,0.0,0.23363912,0.0,0.21494243,0.0,0.0,0.0,0.0,0.0,0.0,0.0,0.0,0.0,0.0,0.0,0.0,0.0,0.0,0.06557757,0.0,0.06831373,0.0,0.0,0.0,0.0,0.0,0.0,0.0,0.0,0.0,0.0,0.0,0.0,0.2208606,0.0,0.30026287,0.0,0.0,0.011278119,0.0,0.0,0.0,0.0,0.0,0.0,0.16179873,0.0,0.0914271,0.0,0.0,0.0,0.0,0.05477564,0.0,0.0,0.0,0.09019358,0.013948958,0.0,0.0,0.0,0.046975203,0.0,0.0,0.057686366,0.0,0.0,0.0,0.0,0.0,0.0,0.0,0.0,0.0,0.023894165,0.0,0.0,0.0,0.0,0.0,0.0,0.0,0.0,0.0,0.083212346,0.0,0.0,0.0,0.0,0.0,0.0,0.0,0.0,0.0,0.0,0.0,0.0,0.0,0.0,0.0,0.0,0.0,0.0,0.052454636,0.0
2016-04-02 21:00:00,0.0,0.0,0.0,0.0,0.0,0.0,0.0,0.0,0.0,0.0,0.0,0.0,0.0,0.0,0.0,0.0,0.0,0.0,0.0,0.0,0.0,0.0,0.0,0.0,0.21738449,0.0,0.19106428,0.0,0.0,0.0,0.0,0.0,0.0,0.0,0.0,0.0,0.0,0.0,0.0,0.0,0.0,0.074749544,0.0,0.005485669,0.0,0.0,0.0,0.0,0.0,0.0,0.0,0.0,0.0,0.0,0.0,0.026590444,0.1589864,0.0,0.29249823,0.0,0.0,0.0,0.0,0.0,0.0,0.0,0.0,0.0,0.14323245,0.0,0.24616814,0.0,0.0,0.0,0.0,0.047220733,0.0,0.0,0.0,0.077787876,0.028969258,0.0,0.0,0.0,0.004146233,0.0,0.0,0.17863554,0.0,0.0,0.0,0.0,0.0,0.0,0.0,0.0,0.0,0.0,0.0,0.0,0.0,0.0,0.0,0.0,0.0,0.0,0.0,0.17715436,0.0,0.0,0.0,0.0,0.0,0.0,0.0,0.0,0.0,0.0,0.0,0.0027381442,0.0,0.0,0.0,0.0,0.0,0.0,0.0063787773,0.0
2016-04-02 22:00:00,0.0,0.0,0.0,0.0,0.0,0.0013662055,0.0,0.0,0.0,0.0,0.0,0.0,0.0,0.0,0.0,0.0,0.0,0.0,0.0,0.0,0.0,0.0,0.0,0.03101267,0.2539946,0.0,0.20555381,0.0,0.0,0.0,0.0,0.0,0.0,0.0,0.0,0.0,0.0,0.0,0.0,0.0,0.0,0.10766612,0.008594042,0.0,0.0,0.0,0.0,0.0,0.0,0.0,0.0,0.0,0.0,0.0,0.0,0.051918965,0.12123926,0.0,0.29063004,0.0,0.0,0.0,0.0,0.0,0.0,0.0,0.0,0.0,0.16070786,0.0,0.32649505,0.0,0.0,0.0,0.0,0.054610994,0.0,0.0,0.0,0.08385875,0.07502139,0.0,0.03427719,0.0,0.0,0.0,0.0,0.253429,0.0,0.0,0.0,0.0,0.0,0.0,0.0,0.0,0.0,0.0,0.0,0.0,0.0,0.0,0.0,0.0,0.0,0.0,0.0,0.24905849,0.0,0.0,0.0,0.0,0.0,0.0,0.0,0.0,0.0,0.0,0.0,0.05179614,0.0,0.0,0.0,0.0,0.0,0.0,0.0,0.0
2016-04-02 23:00:00,0.0,0.0,0.0,0.0,0.0,0.008791,0.0,0.0,0.0,0.0,0.0,0.0,0.0,0.0,0.0,0.0,0.0,0.0,0.0,0.0,0.0,0.0,0.0,0.0460355,0.27358487,0.0,0.21738397,0.0,0.0,0.0,0.0,0.0,0.0,0.0,0.0,0.0,0.0,0.0,0.0,0.0,0.0,0.1193029,0.017657388,0.0,0.0,0.0,0.0,0.0,0.0,0.0,0.0,0.0,0.0,0.0,0.0,0.05825954,0.11189223,0.0,0.2884969,0.0,0.0,0.0,0.0,0.0,0.0,0.0,0.0,0.0,0.16871113,0.0,0.34161896,0.0,0.0,0.0,0.0,0.06708091,0.0,0.0,0.0,0.08889387,0.10013004,0.0,0.041763898,0.0,0.0,0.0,0.0,0.27250645,0.0,0.0,0.0,0.0,0.0,0.0,0.0,0.0,0.0,0.0,0.0,0.0,0.0,0.0,0.0,0.0,0.0,0.0,0.0,0.26392266,0.0,0.0,0.0,0.0,0.0,0.0,0.0,0.0,0.0,0.0,0.0,0.07065526,0.0,0.0,0.0,0.0,0.0,0.0,0.0,0.0
2016-04-03 00:00:00,0.0,0.0,0.0,0.0,0.0,0.0,0.0,0.0,0.0,0.0,0.0,0.0,0.0,0.0,0.0,0.0,0.0,0.0,0.0,0.0,0.0,0.0,0.0,0.056865517,0.2883153,0.0,0.24306932,0.0,0.0,0.0,0.0,0.0,0.0,0.0,0.0,0.0,0.0,0.0,0.0,0.0,0.0,0.121280566,0.02281332,0.0,0.0,0.0,0.0,0.0,0.0,0.0,0.0,0.0,0.0,0.0,0.0,0.025510048,0.11457617,0.0,0.21445754,0.0,0.0,0.0,0.0,0.0,0.0,0.0,0.0,0.0,0.20224413,0.0,0.21842918,0.0,0.0,0.0,0.0,0.11255109,0.0,0.0,0.0,0.09331728,0.14985073,0.0,0.052617334,0.0,0.023039348,0.0,0.0,0.1806685,0.0,0.0,0.0,0.0,0.0,0.0,0.0,0.0,0.0,0.036314096,0.0,0.0,0.0,0.0,0.0,0.0,0.0,0.0,0.0,0.17710522,0.0,0.0,0.0,0.0,0.0,0.0,0.0,0.0,0.0,0.0,0.0,0.099957705,0.0,0.0,0.0,0.0,0.0,0.0,0.0,0.0
2016-04-03 01:00:00,0.0,0.0,0.0,0.0,0.0,0.011880148,0.0,0.0,0.0,0.0,0.0,0.0,0.0,0.0,0.0,0.0,0.0,0.0,0.0,0.0,0.0,0.0,0.0,0.117393956,0.28848028,0.0,0.20920919,0.0,0.0,0.0,0.0,0.0,0.0,0.0,0.0,0.0,0.0,0.0,0.0,0.0,0.0,0.12642841,0.091075756,0.0,0.0,0.0,0.0,0.0,0.0,0.0,0.0,0.0,0.0,0.0,0.0,0.0770943,0.02780632,0.0,0.19974902,0.0,0.0,0.0,0.0,0.0,0.0,0.0,0.0,0.0,0.16203688,0.0,0.42549196,0.0,0.0,0.0,0.0,0.10554877,0.0,0.0,0.0,0.103840485,0.19214444,0.0,0.12773728,0.0,0.0,0.0,0.0,0.3455561,0.0,0.0,0.0,0.0,0.0,0.0,0.0,0.0,0.0,0.0,0.0,0.0,0.0,0.0,0.0,0.0,0.0,0.0,0.0,0.3549508,0.0,0.0,0.0,0.0,0.0,0.0,0.0,0.0,0.0,0.0,0.0,0.19206151,0.0,0.0,0.0,0.0,0.0,0.0,0.0,0.0
2016-04-03 02:00:00,0.0,0.0,0.0,0.0,0.0,0.024496697,0.0,0.0,0.0,0.0,0.0,0.0,0.0,0.0,0.0,0.0,0.0,0.0,0.0,0.0,0.0,0.0,0.0,0.1271901,0.18533508,0.0,0.11420109,0.0,0.0,0.0,0.0,0.0,0.0,0.0,0.0,0.0,0.0,0.0,0.0,0.0,0.0,0.09049633,0.071089536,0.0,0.0,0.0,0.0,0.0,0.0,0.0,0.0,0.0,0.0,0.0,0.0,0.039789494,0.0,0.0,0.22525257,0.0,0.0,0.0,0.0,0.0,0.0,0.0,0.0,0.0,0.044815104,0.0,0.54608727,0.0,0.0,0.0,0.0,0.08855299,0.0,0.0,0.0,0.04053542,0.10931584,0.0,0.12371279,0.0,0.0,0.0,0.0,0.49123195,0.0,0.0,0.0,0.0,0.0,0.0,0.0,0.0,0.0,0.0,0.0,0.0,0.0,0.0,0.0,0.0,0.0,0.0,0.0,0.3890602,0.0,0.0,0.0,0.0,0.0,0.0,0.0,0.0,0.0,0.0,0.0,0.2201295,0.0,0.0,0.0,0.0,0.0,0.0,0.0,0.0
2016-04-03 03:00:00,0.0,0.0,0.0,0.0,0.0,0.006156601,0.0,0.0,0.0,0.0,0.0,0.0,0.0,0.0,0.0,0.0,0.0,0.0,0.0,0.0,0.0,0.0,0.0,0.17577767,0.1950367,0.0,0.13445805,0.0,0.0,0.0,0.0,0.0,0.0,0.0,0.0,0.0,0.0,0.0,0.0,0.0,0.0,0.12244576,0.08213569,0.0,0.0,0.0,0.0,0.0,0.0,0.0,0.0,0.0,0.0,0.0,0.0,0.04761044,0.0,0.0,0.28647634,0.0,0.0,0.0,0.0,0.0,0.0,0.0,0.0,0.0,0.030319408,0.0,0.73512137,0.0,0.0,0.0,0.0,0.105583265,0.0,0.0,0.0,0.0672048,0.17909765,0.0,0.19464265,0.0,0.0,0.0,0.0,0.6583526,0.0,0.0,0.0,0.0,0.0,0.0,0.0,0.0,0.0,0.0,0.0,0.0,0.0,0.0,0.0,0.0,0.0,0.0,0.0,0.5237657,0.0,0.0,0.0,0.0,0.0,0.0,0.0,0.0,0.0,0.0,0.0,0.29136804,0.0,0.0,0.0,0.0,0.0,0.0,0.0,0.007819682
2016-04-03 04:00:00,0.0,0.0,0.0,0.0,0.0,0.0,0.0,0.0,0.0,0.0,0.0,0.0,0.0,0.0,0.0,0.0,0.0,0.0,0.0,0.0,0.0,0.0,0.0,0.17749605,0.20098235,0.0,0.14463842,0.0,0.0,0.0,0.0,0.0,0.0,0.0,0.0,0.0,0.0,0.0,0.0,0.0,0.0,0.10932329,0.068014756,0.0,0.0,0.0,0.0,0.0,0.0,0.0,0.0,0.0,0.0,0.0,0.0,0.023312217,0.0,0.0,0.2952798,0.0,0.0,0.0,0.0,0.0,0.0,0.0,0.0,0.0,0.03798402,0.0,0.6702104,0.0,0.0,0.0,0.0,0.12127192,0.0,0.0,0.0,0.080385365,0.21173336,0.0,0.16436552,0.0,0.0,0.0,0.0,0.6303191,0.0,0.0,0.0,0.0,0.0,0.0,0.0,0.0,0.0,0.0,0.0,0.0,0.0,0.0,0.0,0.0,0.0,0.0,0.0,0.48751158,0.0,0.0,0.0,0.0,0.0,0.0,0.0,0.0,0.0,0.0,0.0,0.29008397,0.0,0.0,0.0,0.0,0.0,0.0,0.0,0.018777192
2016-04-03 05:00:00,0.0,0.0,0.0,0.0,0.0,0.0,0.0,0.0,0.0,0.0,0.0,0.0,0.0,0.0,0.0,0.0,0.0,0.0,0.0,0.0,0.0,0.0,0.0,0.18440011,0.19510806,0.0,0.14381972,0.0,0.0,0.0,0.0,0.0,0.0,0.0,0.0,0.0,0.0,0.0,0.0,0.0,0.0,0.09214145,0.061867036,0.0,0.0,0.0,0.0,0.0,0.0,0.0,0.0,0.0,0.0,0.0,0.0,0.0054167067,0.0,0.0,0.3108585,0.0,0.0,0.0,0.0,0.0,0.0,0.0,0.0,0.0,0.031992745,0.0,0.6506941,0.0,0.0,0.0,0.0,0.1374163,0.0,0.0,0.0,0.09223043,0.23496625,0.0,0.14720549,0.0,0.0,0.0,0.0,0.6255497,0.0,0.0,0.0,0.0,0.0,0.0,0.0,0.0,0.0,0.0,0.0,0.0,0.0,0.0,0.0,0.0,0.0,0.0,0.0,0.46756902,0.0,0.0,0.0,0.0,0.0,0.0,0.0,0.0,0.0,0.0,0.0,0.2982833,0.0,0.0,0.0,0.0,0.0,0.0,0.0,0.03026221
2016-04-03 06:00:00,0.0,0.0,0.0,0.0,0.0,0.0,0.0,0.0,0.0,0.0,0.0,0.0,0.0,0.0,0.0,0.0,0.0,0.0,0.0,0.0,0.0,0.0,0.0,0.2098052,0.18322921,0.0,0.15007341,0.0,0.0,0.0,0.0,0.0,0.0,0.0,0.0,0.0,0.0,0.0,0.0,0.0,0.0,0.06976457,0.06435357,0.0,0.0,0.0,0.0,0.0,0.0,0.0,0.0,0.0,0.0,0.0,0.0,0.0,0.0,0.0,0.31490353,0.0,0.0,0.0,0.0,0.0,0.0,0.0,0.0,0.0,0.02818292,0.0,0.6416652,0.0,0.0,0.0,0.0,0.16549285,0.0,0.0,0.0,0.1037266,0.28448603,0.0,0.15203267,0.0,0.0,0.0,0.0,0.6135608,0.0,0.0,0.0,0.0,0.0,0.0,0.0,0.0,0.0,0.012099277,0.0,0.0,0.0,0.0,0.0,0.0,0.0,0.0,0.0,0.44289368,0.0,0.0,0.0,0.0,0.0,0.0,0.0,0.0,0.0,0.0,0.0,0.34153205,0.0,0.0,0.0,0.0,0.0,0.0,0.0,0.029476337
2016-04-03 07:00:00,0.0,0.0,0.0,0.0,0.0,0.0,0.0,0.0,0.0,0.0,0.0,0.0,0.0,0.0,0.0,0.0,0.0,0.0,0.0,0.0,0.0,0.0,0.0,0.19481376,0.1471433,0.0,0.17236185,0.0,0.0,0.0,0.0,0.0,0.0,0.0,0.0,0.0,0.0,0.0,0.0,0.0,0.0,0.031748943,0.02317936,0.0,0.0,0.0,0.0,0.0,0.0,0.0,0.0,0.0,0.0,0.0,0.0,0.0,0.0,0.0,0.24782714,0.0,0.0,0.0,0.0,0.0,0.0,0.0,0.0,0.0,0.061193876,0.0,0.45733842,0.0,0.0,0.0,0.0,0.1911736,0.0,0.0,0.0,0.094385944,0.3102131,0.0,0.15647781,0.0,0.0,0.0,0.0,0.44296548,0.0,0.0,0.0,0.0,0.0,0.0,0.0,0.0,0.0,0.07144292,0.0,0.0,0.0,0.0,0.0,0.0,0.0,0.0,0.0,0.31992656,0.0,0.0,0.0,0.0,0.0,0.0,0.0,0.0,0.0,0.0,0.0,0.3247294,0.0,0.0,0.0,0.0,0.0,0.0,0.0,0.0
2016-04-03 08:00:00,0.0,0.0,0.0,0.0,0.0,0.0,0.0,0.0,0.0,0.0,0.0,0.0,0.0,0.0,0.0,0.0,0.0,0.06839854,0.0,0.0,0.0,0.0,0.0,0.1659639,0.15757269,0.0,0.21941994,0.0,0.0,0.0,0.0,0.0,0.0,0.0,0.0,0.0,0.0,0.0,0.0,0.0,0.0,0.025405698,0.023026492,0.0,0.0,0.0,0.0,0.0,0.0,0.0,0.0,0.0,0.0,0.0,0.0,0.0,0.0,0.0,0.18383642,0.0,0.0,0.0,0.0,0.0,0.0,0.0,0.043270774,0.0,0.11324071,0.0,0.30907214,0.0,0.0,0.0,0.0,0.20832692,0.0,0.0,0.0,0.09590518,0.37035048,0.0,0.19159165,0.0,0.0,0.0,0.0,0.30859634,0.0,0.0,0.0,0.0,0.0,0.0,0.0,0.0,0.0,0.11552346,0.0,0.0,0.114798605,0.0,0.0,0.0,0.0,0.0,0.0,0.2172443,0.0,0.0,0.0,0.0,0.0,0.0,0.0,0.0,0.0,0.0,0.0,0.32781056,0.0,0.0,0.0,0.0,0.0,0.0,0.0,0.0
2016-04-03 09:00:00,0.0,0.0,0.0,0.0,0.0,0.0,0.0,0.0,0.0,0.0,0.0,0.0,0.0,0.0,0.0,0.0,0.0,0.12102429,0.0,0.0,0.0,0.0,0.0,0.115092054,0.14337239,0.0,0.24022359,0.0,0.0,0.0,0.0,0.0,0.0,0.0,0.0,0.0,0.0,0.0,0.0,0.0,0.0,0.00816416,0.04633029,0.0,0.0,0.0,0.0,0.0,0.0,0.0,0.0,0.02404578,0.0,0.0,0.0,0.0,0.0,0.0,0.12402252,0.0,0.0,0.0,0.0,0.0,0.0,0.0,0.07965739,0.0,0.12832205,0.0,0.16941968,0.0,0.0,0.0,0.0,0.19641589,0.0,0.0,0.0,0.08449473,0.36358082,0.0,0.21437913,0.0,0.0,0.0,0.0,0.15427789,0.0,0.0,0.0,0.0,0.0,0.0,0.0,0.0,0.0,0.122790515,0.0,0.0,0.20556304,0.0,0.0,0.0,0.0,0.0,0.0,0.13127641,0.0,0.0,0.0,0.0,0.0,0.0,0.0,0.0,0.0,0.0,0.0,0.30250192,0.0,0.0,0.0,0.0,0.0,0.0,0.0,0.0
2016-04-03 10:00:00,0.0,0.0,0.0,0.0,0.0,0.0,0.0,0.0,0.0,0.0,0.0,0.0,0.0,0.0,0.0,0.0,0.0,0.1483461,0.0,0.0,0.0,0.0,0.0,0.08946344,0.121360034,0.028103337,0.2494905,0.0,0.0,0.0,0.0,0.0,0.0,0.0,0.0,0.0,0.0,0.0,0.0,0.0,0.0,0.0,0.089593604,0.0,0.0,0.0,0.0,0.0,0.0,0.0,0.0,0.0123124495,0.0,0.0,0.0,0.0,0.0,0.0,0.08068507,0.0,0.0,0.0,0.0,0.0,0.0,0.0,0.06268234,0.0,0.124372676,0.0,0.1011771,0.0,0.0,0.0,0.0,0.19729759,0.0,0.0,0.0,0.07152086,0.3689051,0.0,0.2583689,0.0,0.0,0.0,0.0,0.06640433,0.0,0.0,0.0,0.0,0.0,0.0,0.0,0.0,0.0,0.12767157,0.0,0.0,0.26667905,0.0,0.0,0.0,0.0,0.0,0.0,0.10705952,0.0,0.0,0.0,0.0,0.0,0.0,0.0,0.0,0.0,0.0,0.0,0.30646583,0.0,0.0,0.0,0.0,0.0,0.0,0.0,0.0
2016-04-03 11:00:00,0.0,0.0,0.0,0.0,0.0,0.0,0.0,0.0,0.0,0.0,0.0,0.0,0.0,0.0,0.0,0.0,0.0,0.12818041,0.0,0.0,0.0,0.0,0.0,0.058322687,0.074338555,0.08804324,0.21744269,0.0,0.0,0.0,0.0,0.0,0.0,0.0,0.0,0.0,0.0,0.0,0.0,0.0,0.0,0.0,0.12874122,0.0,0.0,0.0,0.0,0.0,0.0,0.0,0.0,0.0,0.0,0.0,0.0,0.0,0.0,0.0,0.04059261,0.0,0.0,0.0,0.0,0.0,0.0,0.0,0.0036988035,0.0,0.08157571,0.0,0.042447843,0.0,0.0,0.0,0.0,0.17292361,0.0,0.0,0.0,0.035896145,0.29953575,0.0,0.26297575,0.0,0.0,0.0,0.0,0.0,0.0,0.0,0.0077706054,0.0,0.0,0.0,0.0,0.0,0.0,0.09487519,0.0,0.0,0.2845115,0.0,0.0,0.0,0.0,0.0,0.0,0.085060224,0.0,0.0,0.0,0.0,0.0,0.0233782,0.0,0.0,0.0,0.0,0.0,0.28346947,0.0,0.0,0.0,0.0,0.0,0.0,0.0,0.0
2016-04-03 12:00:00,0.0,0.0,0.0,0.0,0.0,0.0,0.0,0.0,0.0,0.0,0.0,0.0,0.0,0.0,0.0,0.0,0.0,0.07986558,0.0,0.0,0.0,0.0,0.0,0.01927295,0.03343109,0.104958326,0.16542406,0.0,0.0,0.0,0.0,0.0,0.0,0.046926364,0.0,0.0,0.0,0.0,0.0,0.0,0.0,0.0,0.13464487,0.0,0.0,0.0,0.0,0.0,0.0,0.0,0.0,0.0,0.0,0.0,0.0,0.0,0.0,0.0,0.0,0.0,0.0,0.0,0.0,0.0,0.0,0.0,0.0,0.0,0.03927079,0.0,0.0,0.03641553,0.0,0.0,0.0,0.13028592,0.0,0.0,0.0,0.0,0.17485991,0.0,0.2112786,0.0,0.0,0.0,0.0,0.0,0.0,0.0,0.017959587,0.0,0.0,0.0,0.0,0.0,0.0,0.027114589,0.0,0.0,0.2784052,0.0,0.0,0.0,0.0,0.0,0.0,0.044239823,0.0,0.0,0.0,0.0,0.0,0.12420834,0.0,0.0,0.011537433,0.0,0.0,0.2091478,0.0,0.0,0.0,0.0,0.0,0.0,0.0,0.0
2016-04-03 13:00:00,0.0063616633,0.0,0.0,0.0,0.0,0.0,0.0,0.0,0.0,0.02714184,0.0,0.0,0.0,0.0,0.0,0.0,0.0,0.04534077,0.0,0.0,0.0,0.0,0.0,0.0,0.0,0.08126961,0.114594236,0.0,0.0,0.0,0.0,0.0,0.0,0.079609245,0.0,0.0,0.0,0.0,0.0,0.0,0.0,0.0,0.09582406,0.0,0.0,0.0,0.0,0.0,0.0,0.0,0.0,0.0,0.0,0.0,0.0,0.0,0.004308631,0.0,0.0,0.0,0.0,0.0,0.0,0.0,0.0,0.0,0.0,0.0,0.0049194507,0.0,0.0,0.089132756,0.0,0.0,0.0,0.10574132,0.0,0.0,0.0,0.0,0.07442249,0.0,0.15412138,0.0,0.0,0.0,0.0,0.0,0.0,0.0,0.010123931,0.0,0.0,0.0,0.0,0.0,0.0,0.0,0.0,0.0,0.25832996,0.0,0.0,0.0,0.0,0.0,0.0,0.0,0.0,0.0,0.0,0.0,0.0,0.22233857,0.0,0.0,0.011268131,0.0,0.0,0.14203833,0.0,0.0,0.0,0.0,0.0,0.0,0.0,0.0
2016-04-03 14:00:00,0.06307652,0.0,0.0,0.0,0.0,0.0,0.0,0.0,0.0,0.028255925,0.0,0.0,0.0,0.0,0.0,0.0,0.0,0.055525906,0.0,0.0,0.0,0.0,0.0,0.0,0.011082444,0.05715649,0.11131534,0.0,0.0,0.0,0.0,0.0,0.0,0.06460987,0.0,0.0,0.0,0.0,0.0,0.0,0.0,0.0,0.077949554,0.0,0.0,0.0,0.0,0.0,0.0,0.009257283,0.0,0.0,0.0,0.0,0.0,0.0,0.05366052,0.0,0.0,0.0,0.0,0.0,0.0,0.0,0.0,0.0,0.0,0.0,0.01188964,0.0,0.0,0.12652588,0.0,0.0,0.0,0.09532285,0.0,0.0,0.0,0.0,0.045277126,0.0,0.10209116,0.0,0.0,0.0,0.0,0.0,0.0,0.0,0.006533943,0.0,0.0,0.0,0.0,0.0,0.0,0.0,0.0,0.0,0.24289781,0.0,0.0,0.0,0.0,0.0,0.0,0.0,0.0,0.0,0.0,0.0,0.0,0.24244891,0.0,0.0,0.015726715,0.0,0.0,0.09221248,0.0,0.0,0.0,0.0,0.0,0.0,0.014702633,0.0
2016-04-03 15:00:00,0.058578424,0.0,0.0,0.0,0.0,0.0,0.0,0.0,0.0,0.0,0.0,0.0,0.0,0.0,0.0,0.0,0.0,0.058205597,0.0,0.0,0.0,0.0,0.0,0.0,0.09095715,0.0,0.16008773,0.0,0.0,0.0,0.0,0.0,0.0,0.0,0.0,0.0,0.0,0.0,0.0,0.0,0.0,0.0,0.09886798,0.0,0.0,0.0,0.0,0.0,0.0,0.019357786,0.0,0.0,0.0,0.0,0.0,0.0,0.07794877,0.0,0.018561712,0.0,0.0,0.0,0.0,0.0,0.0,0.0,0.0,0.0,0.046281457,0.0,0.0,0.10776706,0.0,0.0,0.0,0.11486399,0.0,0.0,0.0,0.058044955,0.112374336,0.0,0.098829746,0.0,0.0,0.0,0.0,0.0,0.0,0.0,0.0037240833,0.0,0.0,0.0,0.0,0.0,0.0,0.0056179836,0.0,0.0,0.19538398,0.0,0.0,0.0,0.0,0.0,0.0,0.0,0.0,0.0,0.0,0.0,0.0,0.15214887,0.0,0.0,0.0,0.0,0.0,0.10120304,0.0,0.0,0.0,0.0,0.0,0.0,0.011939228,0.0
2016-04-03 16:00:00,0.0,0.0,0.0,0.0,0.0,0.0,0.0,0.0,0.0,0.0,0.0,0.0,0.0,0.0,0.0,0.0,0.0,0.0,0.0,0.0,0.0,0.0,0.0,0.07571824,0.27354166,0.0,0.2579745,0.0,0.0,0.0,0.0,0.0,0.0,0.0,0.0,0.0,0.0,0.0,0.0,0.0,0.0,0.058490813,0.21490303,0.0,0.0,0.0,0.0,0.0,0.0,0.0,0.0,0.0,0.0,0.0,0.0,0.021310281,0.011029273,0.0,0.10675787,0.0,0.0,0.0,0.0,0.0,0.0,0.0,0.0,0.0,0.10246429,0.0,0.23725647,0.0,0.0,0.0,0.0,0.13996531,0.0,0.0,0.0,0.18018362,0.2714023,0.0,0.21317403,0.0,0.0,0.0,0.0,0.07711208,0.0,0.0,0.0,0.0,0.0,0.0,0.0,0.0,0.0,0.024106074,0.0,0.0,0.046495643,0.0,0.0,0.0,0.0,0.0,0.0,0.28650934,0.0,0.0,0.0,0.0,0.0,0.0,0.0,0.0,0.0,0.0,0.0,0.2633618,0.0,0.0,0.0,0.0,0.0,0.0,0.0,0.0
2016-04-03 17:00:00,0.0,0.0,0.0,0.0,0.0,0.0,0.0,0.0,0.0,0.0,0.0,0.0,0.0,0.0,0.0,0.0,0.0,0.0,0.0,0.0,0.0,0.0,0.0,0.12485027,0.31052065,0.0,0.24402219,0.0,0.0,0.0,0.0,0.0,0.0,0.0,0.0,0.0,0.0,0.0,0.0,0.0,0.0,0.09675397,0.20698558,0.0,0.0,0.0,0.0,0.0,0.0,0.0,0.0,0.0,0.0,0.0,0.0,0.06577845,0.0,0.0,0.13279904,0.0,0.0,0.0,0.0,0.0,0.0,0.0,0.0,0.0,0.11530206,0.0,0.3592151,0.0,0.0,0.0,0.0,0.13138975,0.0,0.0,0.0,0.17035855,0.2550122,0.0,0.20356424,0.0,0.0,0.0,0.0,0.2301763,0.0,0.0,0.0,0.0,0.0,0.0,0.0,0.0,0.0,0.0014307722,0.0,0.0,0.0,0.0,0.0,0.0,0.0,0.0,0.0,0.34071004,0.0,0.0,0.0,0.0,0.0,0.0,0.0,0.0,0.0,0.0,0.0,0.30369785,0.0,0.0,0.0,0.0,0.0,0.0,0.0,0.0
2016-04-03 18:00:00,0.0,0.0,0.0,0.0,0.0,0.0,0.0,0.0,0.0,0.0,0.0,0.0,0.0,0.0,0.0,0.0,0.0,0.0,0.0,0.0,0.0,0.0,0.0,0.11704464,0.2670477,0.0,0.18769722,0.0,0.0,0.0,0.0,0.0,0.0,0.0,0.0,0.0,0.0,0.0,0.0,0.0,0.0,0.06923524,0.1766035,0.0,0.0,0.0,0.0,0.0,0.0,0.0,0.0,0.0,0.0,0.0,0.0,0.060913894,0.0,0.0,0.14953455,0.0,0.0,0.0,0.0,0.0,0.0,0.0,0.0,0.0,0.073620796,0.0,0.37709126,0.0,0.0,0.0,0.0,0.12051831,0.0,0.0,0.0,0.1258352,0.18094417,0.0,0.14913744,0.0,0.0,0.0,0.0,0.27877557,0.0,0.0,0.0,0.0,0.0,0.0,0.0,0.0,0.0,0.0,0.0,0.0,0.0,0.0,0.0,0.0,0.0,0.0,0.0,0.30265316,0.0,0.0,0.0,0.0,0.0,0.0,0.0,0.0,0.0,0.0,0.0,0.29026595,0.0,0.0,0.0,0.0,0.0,0.0,0.0,0.0
2016-04-03 19:00:00,0.0,0.0,0.0,0.0,0.0,0.0,0.0,0.0,0.0,0.0,0.0,0.0,0.0,0.0,0.0,0.0,0.0,0.0,0.0,0.0,0.0,0.0,0.0,0.1289575,0.25567517,0.0,0.15144604,0.0,0.0,0.0,0.0,0.0,0.0,0.0,0.0,0.0,0.0,0.0,0.0,0.0,0.0,0.07038893,0.16878952,0.0,0.0,0.0,0.0,0.0,0.0,0.0,0.0,0.0,0.0,0.0,0.0,0.07530078,0.0,0.0,0.17057145,0.0,0.0,0.0,0.0,0.0,0.0,0.0,0.0,0.0,0.041469246,0.0,0.45875877,0.0,0.0,0.0,0.0,0.122187495,0.0,0.0,0.0,0.101139374,0.16083412,0.0,0.1428991,0.0,0.0,0.0,0.0,0.37125763,0.0,0.0,0.0,0.0,0.0,0.0,0.0,0.0,0.0,0.0,0.0,0.0,0.0,0.0,0.0,0.0,0.0,0.0,0.0,0.33247387,0.0,0.0,0.0,0.0,0.0,0.0,0.0,0.0,0.0,0.0,0.0,0.30375102,0.0,0.0,0.0,0.0,0.0,0.0,0.0,0.0
2016-04-03 20:00:00,0.0,0.0,0.0,0.0,0.0,0.02883666,0.0,0.0,0.0,0.0,0.0,0.0,0.0,0.0,0.0,0.0,0.0,0.0,0.0,0.0,0.0,0.0,0.0,0.14769283,0.255161,0.0,0.13436133,0.0,0.0,0.0,0.0,0.0,0.0,0.0,0.0,0.0,0.0,0.0,0.0,0.0,0.0,0.082831845,0.16210376,0.0,0.0,0.0,0.0,0.0,0.0,0.0,0.0,0.0,0.0,0.0,0.0,0.0895758,0.0,0.0,0.19398725,0.0,0.0,0.0,0.0,0.0,0.0,0.0,0.0,0.0,0.027952619,0.0,0.53467774,0.0,0.0,0.0,0.0,0.12695074,0.0,0.0,0.0,0.088711396,0.15619421,0.0,0.14937036,0.0,0.0,0.0,0.0,0.45337278,0.0,0.0,0.0,0.0,0.0,0.0,0.0,0.0,0.0,0.0,0.0,0.0,0.0,0.0,0.0,0.0,0.0,0.0,0.0,0.36812338,0.0,0.0,0.0,0.0,0.0,0.0,0.0,0.0,0.0,0.0,0.0,0.3164638,0.0,0.0,0.0,0.010951024,0.0,0.0,0.0,0.0
2016-04-03 21:00:00,0.0,0.0,0.0,0.0,0.0,0.02836924,0.0,0.0,0.0,0.0,0.0,0.0,0.0,0.0,0.0,0.0,0.0,0.0,0.0,0.0,0.0,0.0,0.0,0.14581028,0.24928522,0.0,0.12857382,0.0,0.0,0.0,0.0,0.0,0.0,0.0,0.0,0.0,0.0,0.0,0.0,0.0,0.0,0.076015264,0.13952138,0.0,0.0,0.0,0.0,0.0,0.0,0.0,0.0,0.0,0.0,0.0,0.0,0.07735719,0.0,0.0,0.20351362,0.0,0.0,0.0,0.0,0.0,0.0,0.0,0.0,0.0,0.029424168,0.0,0.5153245,0.0,0.0,0.0,0.0,0.12762336,0.0,0.0,0.0,0.082873434,0.15196747,0.0,0.122994676,0.0,0.0,0.0,0.0,0.45550618,0.0,0.0,0.0,0.0,0.0,0.0,0.0,0.0,0.0,0.0,0.0,0.0,0.0,0.0,0.0,0.0,0.0,0.0,0.0,0.35365415,0.0,0.0,0.0,0.0,0.0,0.0,0.0,0.0,0.0,0.0,0.0,0.30057412,0.0,0.0,0.0,0.0035150014,0.0,0.0,0.0,0.0
2016-04-03 22:00:00,0.0,0.0,0.0,0.0,0.0,0.0,0.0,0.0,0.0,0.0,0.0,0.0,0.0,0.0,0.0,0.0,0.0,0.0,0.0,0.0,0.0,0.0,0.0,0.1264747,0.23985417,0.0,0.1351535,0.0,0.0,0.0,0.0,0.0,0.0,0.0,0.0,0.0,0.0,0.0,0.0,0.0,0.0,0.06998081,0.12476995,0.0,0.0,0.0,0.0,0.0,0.0,0.0,0.0,0.0,0.0,0.0,0.0,0.06576142,0.0,0.0,0.22158238,0.0,0.0,0.0,0.0,0.0,0.0,0.0,0.0,0.0,0.0258465,0.0,0.47944474,0.0,0.0,0.0,0.0,0.12395376,0.0,0.0,0.0,0.08838961,0.14899305,0.0,0.110802606,0.0,0.0,0.0,0.0,0.41241136,0.0,0.0,0.0,0.0,0.0,0.0,0.0,0.0,0.0,0.0,0.0,0.0,0.0,0.0,0.0,0.0,0.0,0.0,0.0,0.33813626,0.0,0.0,0.0,0.0,0.0,0.0,0.0,0.0,0.0,0.0,0.0,0.28037333,0.0,0.0,0.0,0.0,0.0,0.0,0.0,0.0
2016-04-03 23:00:00,0.0,0.0,0.0,0.0,0.0,0.0,0.0,0.0,0.0,0.0,0.0,0.0,0.0,0.0,0.0,0.0,0.0,0.0,0.0,0.0,0.0,0.0,0.0,0.12730463,0.20994276,0.0,0.117936246,0.0,0.0,0.0,0.0,0.0,0.0,0.0,0.0,0.0,0.0,0.0,0.0,0.0,0.0,0.060364977,0.11761047,0.0,0.0,0.0,0.0,0.0,0.0,0.0,0.0,0.0,0.0,0.0,0.0,0.052120373,0.0,0.0,0.25017327,0.0,0.0,0.0,0.0,0.0,0.0,0.0,0.0,0.0,0.0,0.0,0.5249333,0.0,0.0,0.0,0.0,0.12273222,0.0,0.0,0.0,0.07787653,0.13459224,0.0,0.11001828,0.0,0.0,0.0,0.0,0.4587259,0.0,0.0,0.0,0.0,0.0,0.0,0.0,0.0,0.0,0.0,0.0,0.0,0.0,0.0,0.0,0.0,0.0,0.0,0.0,0.36599404,0.0,0.0,0.0,0.0,0.0,0.0,0.0,0.0,0.0,0.0,0.0,0.28547794,0.0,0.0,0.0,0.0,0.0,0.0,0.0,0.0
2016-04-04 00:00:00,0.0,0.0,0.0,0.0,0.0,0.0,0.0,0.0,0.0,0.0,0.0,0.0,0.0,0.0,0.0,0.0,0.0,0.0,0.0,0.0,0.0,0.0,0.0,0.090082094,0.20764595,0.0,0.15480882,0.0,0.0,0.0,0.0,0.0,0.0,0.0,0.0,0.0,0.0,0.0,0.0,0.0,0.0,0.04383328,0.06912194,0.0,0.0,0.0,0.0,0.0,0.0,0.0,0.0,0.0,0.0,0.0,0.0,0.0056595984,0.0,0.0,0.17039019,0.0,0.0,0.0,0.0,0.0,0.0,0.0,0.0,0.0,0.07302402,0.0,0.28676015,0.0,0.0,0.0,0.0,0.14812149,0.0,0.0,0.0,0.08242483,0.16604576,0.0,0.07727824,0.0,0.0,0.0,0.0,0.2649065,0.0,0.0,0.0,0.0,0.0,0.0,0.0,0.0,0.0,0.00939852,0.0,0.0,0.0,0.0,0.0,0.0,0.0,0.0,0.0,0.19078901,0.0,0.0,0.0,0.0,0.0,0.0,0.0,0.0,0.0,0.0,0.0,0.22759752,0.0,0.0,0.0,0.0,0.0,0.0,0.0,0.0
2016-04-04 01:00:00,0.0,0.0,0.0,0.0,0.0,0.014018949,0.0,0.0,0.0,0.0,0.0,0.0,0.0,0.0,0.0,0.0,0.0,0.0,0.0,0.0,0.0,0.0,0.0,0.12063868,0.1355417,0.0,0.079572245,0.0,0.0,0.0,0.0,0.0,0.0,0.0,0.0,0.0,0.0,0.0,0.0,0.0,0.0,0.032188453,0.10619669,0.0,0.0,0.0,0.0,0.0,0.0,0.0,0.0,0.0,0.0,0.0,0.0,0.03534204,0.0,0.0,0.19586954,0.0,0.0,0.0,0.0,0.0,0.0,0.0,0.0,0.0,0.0,0.0,0.47379115,0.0,0.0,0.0,0.0,0.10907146,0.0,0.0,0.0,0.03533256,0.09678504,0.0,0.11347325,0.0,0.0,0.0,0.0,0.41536224,0.0,0.0,0.0,0.0,0.0,0.0,0.0,0.0,0.0,0.0,0.0,0.0,0.0,0.0,0.0,0.0,0.0,0.0,0.0,0.3244939,0.0,0.0,0.0,0.0,0.0,0.0,0.0,0.0,0.0,0.0,0.0,0.2623431,0.0,0.0,0.0,0.0,0.0,0.0,0.0,0.0
2016-04-04 02:00:00,0.0,0.0,0.0,0.0,0.0,0.0,0.0,0.0,0.0,0.0,0.0,0.0,0.0,0.0,0.0,0.0,0.0,0.0,0.0,0.0,0.0,0.0,0.0,0.12156163,0.1311499,0.0,0.084789135,0.0,0.0,0.0,0.0,0.0,0.0,0.0,0.0,0.0,0.0,0.0,0.0,0.0,0.0,0.036072463,0.09144033,0.0,0.0,0.0,0.0,0.0,0.0,0.0,0.0,0.0,0.0,0.0,0.0,0.01529555,0.0,0.0,0.21532136,0.0,0.0,0.0,0.0,0.0,0.0,0.0,0.0,0.0,0.0,0.0,0.4851131,0.0,0.0,0.0,0.0,0.10217361,0.0,0.0,0.0,0.04150994,0.12945779,0.0,0.11861093,0.0,0.0,0.0,0.0,0.44252583,0.0,0.0,0.0,0.0,0.0,0.0,0.0,0.0,0.0,0.0,0.0,0.0,0.0,0.0,0.0,0.0,0.0,0.0,0.0,0.3412705,0.0,0.0,0.0,0.0,0.0,0.0,0.0,0.0,0.0,0.0,0.0,0.25673532,0.0,0.0,0.0,0.0,0.0,0.0,0.0,0.0
2016-04-04 03:00:00,0.0,0.0,0.0,0.0,0.0,0.0,0.0,0.0,0.0,0.0,0.0,0.0,0.0,0.0,0.0,0.0,0.0,0.0,0.0,0.0,0.0,0.0,0.0,0.10697328,0.16652143,0.0,0.1353451,0.0,0.0,0.0,0.0,0.0,0.0,0.0,0.0,0.0,0.0,0.0,0.0,0.0,0.0,0.038294304,0.065978535,0.0,0.0,0.0,0.0,0.0,0.0,0.0,0.0,0.0,0.0,0.0,0.0,0.0,0.0,0.0,0.20233965,0.0,0.0,0.0,0.0,0.0,0.0,0.0,0.0,0.0,0.034398496,0.0,0.36684546,0.0,0.0,0.0,0.0,0.12565215,0.0,0.0,0.0,0.07996775,0.1877773,0.0,0.098269165,0.0,0.0,0.0,0.0,0.34866026,0.0,0.0,0.0,0.0,0.0,0.0,0.0,0.0,0.0,0.0,0.0,0.0,0.0,0.0,0.0,0.0,0.0,0.0,0.0,0.26226816,0.0,0.0,0.0,0.0,0.0,0.0,0.0,0.0,0.0,0.0,0.0,0.23205169,0.0,0.0,0.0,0.0,0.0,0.0,0.0,0.0
2016-04-04 04:00:00,0.0,0.0,0.0,0.0,0.0,0.0,0.0,0.0,0.0,0.0,0.0,0.0,0.0,0.0,0.0,0.0,0.0,0.0,0.0,0.0,0.0,0.0,0.0,0.079733275,0.17084673,0.0,0.15652394,0.0,0.0,0.0,0.0,0.0,0.0,0.0,0.0,0.0,0.0,0.0,0.0,0.0,0.0,0.021259442,0.05843829,0.0,0.0,0.0,0.0,0.0,0.0,0.0,0.0,0.0,0.0,0.0,0.0,0.0,0.022609774,0.0,0.17455265,0.0,0.0,0.0,0.0,0.0,0.0,0.0,0.0,0.0,0.06457433,0.0,0.2572038,0.0,0.0,0.0,0.0,0.12771338,0.0,0.0,0.0,0.09375519,0.19172636,0.0,0.072460696,0.0,0.0,0.0,0.0,0.24426833,0.0,0.0,0.0,0.0,0.0,0.0,0.0,0.0,0.0,0.0227075,0.0,0.0,0.0,0.0,0.0,0.0,0.0,0.0,0.0,0.17999953,0.0,0.0,0.0,0.0,0.0,0.0,0.0,0.0,0.0,0.0,0.0,0.20840587,0.0,0.0,0.0,0.0,0.0,0.0,0.0,0.0
2016-04-04 05:00:00,0.0,0.0,0.0,0.0,0.0,0.0,0.0,0.0,0.0,0.0,0.0,0.0,0.0,0.0,0.0,0.0,0.0,0.0,0.0,0.0,0.0,0.0,0.0,0.04924664,0.16681719,0.0,0.16417848,0.0,0.0,0.0,0.0,0.0,0.0,0.0,0.0,0.0,0.0,0.0,0.0,0.0,0.0,0.0,0.06214789,0.0,0.0,0.0,0.0,0.0,0.0,0.049031746,0.0,0.0,0.0,0.0,0.0,0.0,0.050882425,0.0,0.13913631,0.0,0.0,0.0,0.0,0.0,0.0,0.0,0.0,0.0,0.06836069,0.0,0.16827548,0.0,0.0,0.0,0.0,0.12611593,0.0,0.0,0.0,0.11261839,0.1969299,0.0,0.063557014,0.0,0.0,0.0,0.0,0.14285646,0.0,0.0,0.0,0.0,0.0,0.0,0.0,0.0,0.0,0.041026387,0.0,0.0,0.0,0.0,0.0,0.0,0.0,0.0,0.0,0.1299155,0.0,0.0,0.0,0.0,0.0,0.0,0.0,0.0,0.0,0.0,0.0,0.1858319,0.0,0.0,0.0,0.0,0.0,0.0,0.0,0.0
2016-04-04 06:00:00,0.036647856,0.0,0.0,0.0,0.0,0.0,0.0,0.0,0.0,0.0,0.0,0.0,0.0,0.0,0.0,0.0,0.0,0.005217217,0.0,0.0,0.0,0.0,0.0,0.03431522,0.15395483,0.0,0.16591749,0.0,0.0,0.0,0.0,0.0,0.0,0.0,0.0,0.0,0.0,0.0,0.0,0.0,0.0,0.0,0.052418843,0.0,0.0,0.0,0.0,0.0,0.0,0.11414866,0.0,0.0382052,0.0,0.0,0.0,0.0,0.052106988,0.0,0.09326706,0.0,0.0,0.0,0.0,0.0,0.0,0.0,0.062173523,0.0,0.09614368,0.0,0.08895022,0.0,0.0,0.0,0.0,0.10806157,0.0,0.0,0.0,0.108015314,0.20491363,0.0,0.05043499,0.0,0.0,0.0,0.0,0.07620102,0.0,0.0,0.0,0.0,0.0,0.0,0.0,0.0,0.0,0.038964562,0.0,0.0,0.04541025,0.0,0.0,0.0,0.0,0.0,0.0,0.057314932,0.0,0.0,0.0,0.0,0.0,0.0,0.0,0.0,0.0,0.0,0.0,0.16754267,0.0,0.0042757615,0.0,0.0,0.0,0.0,0.0,0.0
2016-04-04 07:00:00,0.13461575,0.0,0.0,0.0,0.0,0.0,0.0,0.0,0.0,0.0,0.0,0.0,0.0,0.0,0.0,0.0,0.0,0.028414525,0.0,0.0,0.0,0.0,0.0,0.0,0.11868353,0.0,0.14789,0.0,0.0,0.0,0.0,0.0,0.0,0.0,0.0,0.0,0.0,0.0,0.023864688,0.0,0.0,0.0,0.032816138,0.0,0.0,0.0,0.0,0.0,0.0,0.18260346,0.0,0.052208416,0.0,0.0,0.0,0.0,0.058328163,0.0,0.036917143,0.0,0.0,0.01217597,0.0,0.0,0.0,0.0,0.1037172,0.0,0.09236229,0.0,0.0,0.12851146,0.0,0.0,0.0,0.06263848,0.0,0.0,0.0,0.08222273,0.1380846,0.036510333,0.02240355,0.0,0.0,0.0,0.0,0.0,0.0,0.0,0.0,0.0,0.0,0.0,0.0,0.0,0.0010216739,0.0,0.0,0.0,0.09491913,0.0,0.0,0.0,0.0,0.0,0.0,0.0,0.0,0.0,0.0,0.0,0.0,0.087508254,0.0,0.0,0.0,0.0,0.0,0.08932461,0.0,0.12546982,0.0,0.0,0.0,0.0,0.003677845,0.0
2016-04-04 08:00:00,0.19044892,0.0,0.0,0.0,0.0,0.0,0.0,0.0,0.0,0.0,0.0,0.0,0.0,0.0,0.0,0.0,0.0,0.019668788,0.0,0.0,0.0,0.0,0.012700763,0.0,0.015655361,0.0,0.06764614,0.0,0.0,0.0,0.0,0.0,0.0,0.058134377,0.0,0.0,0.0,0.0,0.0885201,0.0,0.0,0.0,0.016828585,0.0,0.0,0.0,0.0,0.12548938,0.0,0.21067394,0.0,0.021752104,0.0,0.0,0.0,0.0,0.017219659,0.04730142,0.0,0.0,0.0,0.0,0.0,0.0,0.0,0.0,0.09633844,0.0,0.015121229,0.0,0.0,0.2366482,0.0,0.0,0.0,0.02151708,0.0,0.0,0.0,0.0025331099,0.02484694,0.10762307,0.010178406,0.0,0.0,0.0,0.005375553,0.0,0.033161808,0.0,0.0,0.0,0.0,0.0,0.0,0.0,0.074116394,0.0,0.0,0.0,0.09650785,0.0,0.0,0.0,0.0,0.0,0.0,0.0,0.0,0.01985114,0.0,0.0,0.0,0.1903682,0.0,0.0,0.0,0.0,0.0,0.042651273,0.0,0.19432409,0.0,0.0,0.0,0.0,0.04569739,0.0
2016-04-04 09:00:00,0.20672801,0.0,0.0,0.0,0.022713915,0.0,0.0,0.0,0.0,0.0,0.0,0.0,0.0,0.0,0.0,0.0,0.0,0.0024367422,0.0,0.0,0.0,0.0,0.0,0.0,0.0,0.0,0.0,0.0,0.0,0.0,0.0,0.0,0.0,0.2060931,0.0,0.0,0.0,0.0,0.11498625,0.0,0.0,0.0,0.0033748439,0.0,0.0,0.0,0.0,0.21182087,0.0,0.19284002,0.0,0.0,0.0,0.0,0.06960847,0.0,0.0,0.08049876,0.0,0.05845151,0.0,0.0,0.0,0.0,0.0,0.0,0.073278464,0.0,0.0,0.0,0.0,0.2990073,0.0,0.0,0.0,0.003488563,0.0,0.0,0.0,0.0,0.0,0.13818775,0.026637565,0.0,0.0,0.0,0.048678298,0.0,0.05867992,0.0,0.0,0.0,0.0,0.0,0.0,0.0,0.105053075,0.0,0.0,0.0,0.10301906,0.0,0.0,0.0,0.0,0.0,0.0,0.0,0.0,0.07442666,0.0,0.0,0.0,0.28775245,0.0,0.0,0.0,0.0,0.0,0.039901756,0.0,0.19974265,0.0,0.0,0.0,0.0,0.055198707,0.0
2016-04-04 10:00:00,0.19349769,0.0,0.0,0.0,0.03452255,0.0,0.0,0.0,0.0,0.0,0.0,0.0,0.0,0.0,0.0,0.0,0.0,0.0,0.0,0.0,0.0,0.0,0.0,0.0,0.0,0.048070982,0.0,0.0,0.0,0.0,0.0,0.0,0.0,0.30211198,0.0,0.0,0.0,0.0,0.10901905,0.0,0.0,0.0,0.0,0.0,0.0,0.0,0.0,0.23876992,0.0,0.14484088,0.0,0.0,0.0,0.0,0.10507844,0.0,0.0,0.06345425,0.0,0.08653587,0.0,0.0,0.0,0.0,0.0,0.0,0.03806837,0.0,0.0,0.0,0.0,0.32422572,0.0,0.0,0.0,0.009777337,0.0,0.0,0.0,0.0,0.0,0.13229139,0.042558983,0.0,0.0,0.0,0.059564922,0.0,0.051951956,0.0,0.0,0.0,0.0,0.0,0.0,0.0,0.09088496,0.0,0.0,0.0,0.10474843,0.0,0.0,0.0,0.0,0.0,0.0,0.0,0.0,0.083850674,0.0444536,0.0,0.0,0.34370375,0.0,0.0,0.0,0.0,0.0,0.0278252,0.0,0.17103206,0.0,0.0,0.0,0.0,0.05559822,0.0
2016-04-04 11:00:00,0.17498507,0.0,0.0,0.0,0.020453349,0.0,0.0,0.0,0.0,0.0,0.0,0.0,0.0,0.0,0.0,0.0,0.0,0.0,0.0,0.0,0.0,0.0,0.0,0.0,0.0,0.10251494,0.0,0.0,0.0,0.0,0.0,0.0,0.0,0.34876072,0.0,0.0,0.0,0.0,0.087158725,0.0,0.0,0.0,0.0,0.0,0.0,0.0,0.0,0.2219826,0.0,0.08708165,0.0,0.0,0.0,0.0,0.114956565,0.0,0.0,0.032496072,0.0,0.07139598,0.0,0.0,0.0,0.0,0.0,0.0,0.0,0.0,0.0,0.0,0.0,0.32862058,0.0,0.0,0.0,0.008705623,0.0,0.0,0.0,0.0,0.0,0.11401914,0.028958617,0.0,0.0,0.0,0.05133069,0.0,0.04454073,0.0,0.0,0.0,0.0,0.0,0.0,0.0,0.0638555,0.0,0.0,0.0,0.10523853,0.0,0.0,0.0,0.0,0.014465943,0.0,0.0,0.0,0.07233671,0.051992692,0.0,0.0,0.3574366,0.0,0.0,0.0,0.0,0.0,0.0,0.0,0.13713866,0.0,0.0,0.0,0.0,0.06611971,0.0
2016-04-04 12:00:00,0.17568907,0.0,0.0,0.0,0.0014222078,0.0,0.0,0.0,0.0,0.0,0.0,0.0,0.0,0.0,0.0,0.0,0.0,0.0,0.0,0.0,0.0,0.0,0.0,0.0,0.0,0.13153492,0.0,0.0,0.0,0.0,0.0,0.0,0.0,0.3725108,0.0,0.0,0.0,0.0,0.06653972,0.0,0.0,0.0,0.0,0.0,0.0,0.0,0.0,0.2071782,0.0,0.053400233,0.0,0.0,0.0,0.0,0.12780061,0.0,0.0,0.01506252,0.0,0.035941474,0.0,0.0,0.0,0.0,0.0,0.0,0.0,0.0,0.0,0.0,0.0,0.34736648,0.0,0.0,0.0,0.0,0.0,0.0,0.0,0.0,0.0,0.106365144,0.0,0.0,0.0,0.0,0.04469979,0.0,0.05010156,0.0,0.0,0.0,0.0,0.0,0.0,0.0,0.055862032,0.0,0.0,0.0,0.113526,0.0,0.0,0.0,0.0,0.026615739,0.0,0.0,0.0,0.07839068,0.034577943,0.0,0.0,0.37436467,0.0,0.0,0.0,0.0,0.0,0.0,0.0,0.13733281,0.0,0.0,0.0,0.0,0.09627987,0.0
2016-04-04 13:00:00,0.18930504,0.0,0.0,0.0,0.0,0.0,0.0,0.0,0.0,0.0,0.0,0.0,0.0,0.0,0.0,0.0,0.0,0.0,0.0,0.0,0.0,0.0,0.01834128,0.0,0.0,0.13729502,0.0,0.0,0.0,0.0,0.0,0.0,0.0,0.37665078,0.0,0.0,0.0,0.0,0.05334647,0.0,0.0,0.0,0.0,0.0,0.0,0.0,0.0,0.19046347,0.0,0.036968686,0.0,0.0,0.0,0.0,0.13051108,0.0,0.014032606,0.008221572,0.0,0.005388327,0.0,0.0,0.0,0.0,0.0,0.0,0.0,0.0,0.0,0.0,0.0,0.3588473,0.0,0.0,0.0,0.0,0.0,0.0,0.0,0.0,0.0,0.10539453,0.0,0.0,0.0,0.0,0.040282864,0.0,0.05290335,0.0,0.0,0.0,0.0,0.0,0.0,0.0,0.06025455,0.0,0.0,0.0,0.112273335,0.0,0.0,0.0,0.0,0.03757055,0.0,0.0,0.0,0.08785636,0.024891239,0.0,0.0,0.38410997,0.0,0.0,0.0014624149,0.0,0.0,0.0,0.0,0.14876072,0.0,0.0,0.0,0.0,0.12148193,0.0
2016-04-04 14:00:00,0.21309862,0.0,0.0,0.0,0.0,0.0,0.0,0.0,0.0,0.0,0.0,0.0,0.0,0.0,0.0,0.0,0.0,0.0,0.0,0.0,0.0,0.0,0.054600812,0.0,0.0,0.10657662,0.0,0.0,0.0,0.0,0.0,0.0,0.0,0.3600252,0.0,0.0,0.0,0.0,0.051435728,0.0,0.0,0.0,0.0,0.0,0.0,0.0,0.0,0.16616829,0.0,0.034371175,0.0,0.0,0.0,0.0,0.12618795,0.0,0.04343165,0.020263078,0.0,0.0,0.0,0.0,0.0,0.0,0.0,0.0,0.0,0.0,0.0,0.0,0.0,0.35665274,0.0,0.0,0.0,0.0,0.0,0.0,0.0,0.0,0.0,0.103555694,0.0,0.0,0.0,0.0,0.03583553,0.0,0.061139185,0.0,0.0,0.0,0.0,0.0,0.0,0.0,0.073736496,0.0,0.0,0.0,0.08594924,0.0,0.0,0.0,0.0,0.04789485,0.0,0.0,0.0,0.09058956,0.03476943,0.0,0.0,0.37578106,0.0,0.0,0.00096525997,0.0,0.0,0.0,0.0,0.15663767,0.0,0.0,0.0,0.0,0.144422,0.0
2016-04-04 15:00:00,0.23266718,0.0,0.0,0.0,0.0,0.0,0.0,0.0,0.0,0.0,0.0,0.0,0.0,0.0,0.0,0.0,0.0,0.0,0.0,0.0,0.0,0.0,0.056159846,0.0,0.0,0.0377108,0.0,0.0,0.0,0.0,0.0,0.0,0.0,0.30731195,0.0,0.0,0.0,0.0,0.053058732,0.0,0.0,0.0,0.0,0.0,0.0,0.0,0.0,0.12257744,0.0,0.026688281,0.0,0.0,0.0,0.0,0.08976949,0.0,0.04404956,0.025587847,0.0,0.0,0.0,0.0,0.0,0.0,0.0,0.0,0.0,0.0,0.0,0.0,0.0,0.31270114,0.0,0.0,0.0,0.0,0.0,0.0,0.0,0.0,0.0,0.08478922,0.0,0.0,0.0,0.0,0.018883366,0.0,0.04080237,0.0,0.0,0.0,0.0,0.0,0.0,0.0,0.081572466,0.0,0.0,0.0,0.009942055,0.0,0.0,0.0,0.0,0.047435448,0.0,0.0,0.0,0.05928815,0.07842775,0.0,0.0,0.33478963,0.0,0.0,0.0,0.0,0.0,0.0,0.0,0.1310789,0.0,0.0,0.0,0.0,0.13080105,0.0
2016-04-04 16:00:00,0.2480433,0.0,0.0,0.0,0.0046162233,0.0,0.0,0.0,0.0,0.0,0.0,0.0,0.0,0.0,0.0,0.0,0.0,0.0,0.0,0.0,0.0,0.0,0.05848735,0.0,0.0,0.0,0.0,0.0,0.0,0.0,0.0,0.0,0.0,0.22190344,0.0,0.0,0.0,0.0,0.048588634,0.0,0.0,0.0,0.0,0.0,0.0,0.0,0.0,0.09858671,0.0,0.031580757,0.0,0.0,0.0,0.0,0.030143335,0.0,0.042012036,0.04174178,0.0,0.0,0.0,0.0,0.0,0.0,0.0,0.0,0.0,0.0,0.0,0.0,0.0,0.26694167,0.0,0.0,0.0,0.0,0.0,0.0,0.0,0.0,0.0,0.07644093,0.0,0.0,0.0,0.0,0.0,0.0,0.001134187,0.0,0.0,0.0,0.0,0.0,0.0,0.0,0.09057548,0.0,0.0,0.0,0.0,0.0,0.0,0.0,0.0,0.03610444,0.0,0.0,0.0,0.033192106,0.075072855,0.0,0.0,0.2979148,0.0,0.0,0.0,0.0,0.0,0.0,0.0,0.11980836,0.0,0.0,0.0,0.0,0.10824642,0.0
2016-04-04 17:00:00,0.24874175,0.0,0.0,0.0,0.025977522,0.0,0.0,0.0,0.0,0.0,0.0,0.0,0.0,0.0,0.0,0.0,0.0,0.0,0.0,0.0,0.0,0.0,0.05184707,0.0,0.0,0.0,0.0,0.0,0.0,0.0,0.0,0.0,0.0,0.13681294,0.0,0.0,0.0,0.0,0.049688462,0.0,0.0,0.0,0.0,0.0,0.0,0.0,0.0,0.089350946,0.0,0.05198016,0.0,0.0,0.0,0.0,0.0,0.0,0.03873202,0.06522565,0.0,0.0,0.0,0.0,0.0,0.0,0.0,0.0,0.0,0.0,0.0,0.0,0.0,0.22635987,0.0,0.0,0.0,0.0,0.0,0.0,0.0,0.0,0.0,0.07177371,0.0,0.0,0.0,0.0,0.0,0.0,0.0,0.0,0.0,0.0,0.0,0.0,0.0,0.0,0.10121479,0.0,0.0,0.0,0.0,0.0,0.0,0.0,0.0,0.029525101,0.0,0.0,0.0,0.011181243,0.08746354,0.0,0.0,0.27143103,0.0,0.0,0.0,0.0,0.0,0.0,0.0,0.12095079,0.0,0.0,0.0,0.0,0.07738314,0.0
2016-04-04 18:00:00,0.28471416,0.0,0.0,0.0,0.057592154,0.0,0.0,0.0,0.0,0.0,0.0,0.0,0.0,0.0,0.0,0.0,0.0,0.0,0.0,0.0,0.0,0.0,0.071219765,0.0,0.0,0.0,0.0,0.0,0.0,0.0,0.0,0.0,0.0,0.08545822,0.0,0.0,0.0,0.0,0.06490079,0.0,0.0,0.0,0.0,0.0,0.0,0.0,0.0,0.12783396,0.0,0.12501979,0.0,0.0,0.0,0.0,0.0,0.0,0.018012987,0.10110954,0.0,0.0,0.0,0.0,0.0,0.0,0.0,0.0,0.0,0.0,0.0,0.0,0.0,0.23951772,0.0,0.0,0.0,0.0,0.0,0.0,0.0,0.0,0.0,0.10516949,0.0,0.0,0.0,0.0,0.0,0.0,0.0,0.0,0.0,0.0,0.0,0.0,0.0,0.0,0.118642084,0.0,0.0,0.0,0.0,0.0,0.0,0.0,0.0,0.018880233,0.0,0.0,0.0,0.043213777,0.011823996,0.0,0.0,0.2960664,0.0,0.0,0.0,0.0,0.0,0.0,0.0,0.19459498,0.0,0.0,0.0,0.0,0.07886987,0.0
2016-04-04 19:00:00,0.30633911,0.0,0.0,0.0,0.0758807,0.0,0.0,0.0,0.0,0.0,0.0,0.0,0.0,0.0,0.0,0.0,0.0,0.0,0.0,0.0,0.0,0.0,0.08741736,0.0,0.0,0.0,0.0,0.023657665,0.0,0.0,0.0,0.0,0.0,0.047193892,0.0,0.0,0.0,0.0,0.08098884,0.0,0.0,0.0,0.0,0.0,0.0,0.0,0.0,0.16017069,0.0,0.18406725,0.0,0.0,0.0,0.0,0.0,0.0,0.00043953815,0.13788444,0.0,0.0,0.0,0.00013911538,0.0,0.0,0.0,0.0,0.0,0.0,0.0,0.0,0.0,0.25449067,0.0,0.0,0.0,0.019069592,0.0,0.0,0.0,0.0,0.0,0.129112,0.0,0.0,0.0,0.0,0.0028843358,0.0,0.0,0.0,0.0,0.0,0.0,0.0,0.0,0.0,0.13327406,0.0,0.0,0.0,0.0,0.0,0.0,0.0,0.0,0.0058012307,0.0,0.0,0.0,0.06727024,0.0,0.0,0.0,0.31296134,0.0,0.0,0.0,0.0,0.0,0.0,0.0,0.257357,0.0,0.0,0.0,0.0,0.08049702,0.0
2016-04-04 20:00:00,0.31683746,0.024339367,0.0,0.0,0.08037361,0.0,0.0,0.0,0.0,0.0,0.0,0.0,0.0,0.0,0.0,0.0,0.0,0.0,0.0,0.0,0.0,0.0,0.1003383,0.0,0.0,0.0,0.0,0.041586176,0.0,0.0,0.0,0.0,0.0,0.024045214,0.0,0.0,0.0,0.0,0.09080499,0.0,0.0,0.0,0.0,0.0,0.026049692,0.0,0.0,0.18439554,0.0,0.2262061,0.0,0.0,0.0,0.0,0.0,0.0,0.0,0.1698168,0.0,0.0,0.0,0.0062520765,0.0,0.0,0.0,0.0,0.0,0.0,0.0,0.0,0.0,0.27344826,0.0,0.0,0.0,0.04049654,0.0,0.0,0.0,0.0,0.0,0.141145,0.0,0.0,0.0,0.0,0.0090097375,0.0,0.0,0.0,0.0,0.0,0.0,0.0,0.0,0.0,0.14576295,0.0,0.0,0.0,0.00015891716,0.0,0.0,0.0,0.0,0.0,0.0,0.0,0.0,0.08680879,0.0,0.0,0.0,0.33121383,0.0,0.0,0.0,0.0,0.0,0.0,0.0,0.3038633,0.0,0.0,0.0,0.0,0.085863344,0.0
2016-04-04 21:00:00,0.30394882,0.078032196,0.0,0.0,0.070566274,0.0,0.0,0.0,0.0,0.0,0.0,0.0,0.0,0.0,0.0,0.0,0.0,0.0,0.0,0.0,0.0,0.0,0.10474577,0.0,0.030443301,0.0,0.01897594,0.035088554,0.0,0.0,0.0,0.0,0.0,0.0,0.0,0.0,0.0,0.0,0.08257327,0.0,0.0,0.0,0.00074167084,0.0,0.07221682,0.0,0.0020592436,0.18670778,0.0,0.24455446,0.0,0.0,0.0,0.0,0.0,0.0,0.0,0.17373699,0.0,0.0,0.0,0.0033606254,0.0,0.0,0.0,0.0,0.0,0.0,0.0,0.0,0.0,0.2831431,0.0,0.0,0.0,0.063638434,0.0,0.0,0.0,0.0595363,0.0026579108,0.13410862,0.0,0.0,0.0,0.0,0.0039322264,0.0,0.0,0.0,0.0,0.0,0.0,0.0,0.0,0.0,0.1351618,0.0,0.0,0.0,0.0075352825,0.0,0.0,0.0,0.0,0.0,0.0,0.0,0.0,0.086429335,0.0,0.0,0.0,0.32697958,0.0,0.0,0.0,0.0,0.0,0.0,0.0,0.3238478,0.0,0.0,0.0,0.0,0.08123069,0.0
2016-04-04 22:00:00,0.25406802,0.09083097,0.0,0.0,0.044181623,0.0,0.0,0.0,0.0,0.0,0.0,0.0,0.0,0.0,0.0,0.0,0.0,0.0,0.0,0.0,0.0,0.0,0.09424021,0.0,0.09232931,0.0,0.06113222,0.009678856,0.0,0.0,0.0,0.0,0.0,0.0,0.0,0.0,0.0,0.0,0.062585704,0.0,0.0,0.0,0.028866138,0.0,0.09116465,0.0,0.008918487,0.15437941,0.0,0.22862476,0.0,0.0,0.0,0.0,0.0,0.0,0.0,0.13911888,0.0,0.0,0.0,0.0,0.0,0.0,0.0,0.0,0.0,0.0,0.0114929285,0.0,0.0,0.25476918,0.0,0.0,0.0,0.08407851,0.0,0.0,0.0,0.11241163,0.06344044,0.10207057,0.0,0.0,0.0,0.0,0.0,0.0,0.0,0.0,0.0,0.0,0.0,0.0,0.0,0.0,0.098300256,0.010910245,0.0,0.0,0.0,0.0,0.0,0.0,0.0,0.0,0.0,0.04044652,0.0,0.037272237,0.0,0.0,0.0,0.26078045,0.0,0.0,0.0,0.0,0.0,0.0,0.0,0.29464796,0.0,0.0,0.0,0.0,0.045759536,0.0
2016-04-04 23:00:00,0.21390516,0.0890411,0.0,0.0,0.0147016905,0.0,0.0,0.0,0.0,0.0,0.0,0.0,0.0,0.0,0.0,0.0,0.0,0.0,0.0,0.0,0.0,0.0,0.078984566,0.0,0.13346252,0.0,0.08910003,0.0,0.0,0.0,0.0,0.0,0.0,0.0,0.0,0.0,0.0,0.0,0.046940096,0.0,0.0,0.0,0.051043823,0.0,0.098961264,0.0,0.0027749315,0.12622339,0.0,0.21606079,0.0,0.0,0.0,0.0,0.0,0.0,0.0,0.10972748,0.0,0.0,0.0,0.0,0.0,0.0,0.0,0.0,0.0,0.0,0.032823816,0.0,0.0,0.23031455,0.0,0.0,0.0,0.090295315,0.0,0.0,0.0,0.13948843,0.09252303,0.07676657,0.0034242552,0.0,0.0,0.0,0.0,0.0,0.0,0.0,0.0,0.0,0.0,0.0,0.0,0.0,0.074623704,0.008928053,0.0,0.0,0.0,0.0,0.0,0.0,0.0,0.0,0.0,0.07969984,0.0,0.0,0.0,0.0,0.0,0.21576837,0.0,0.0,0.0,0.0,0.0,0.0026788674,0.0,0.26271975,0.0,0.0,0.0,0.0,0.016728513,0.0
2016-04-05 00:00:00,0.23586825,0.07254997,0.0,0.0,0.0018788911,0.0,0.0,0.0,0.0,0.0,0.0,0.0,0.0,0.0,0.0,0.0,0.0,0.0,0.0,0.0,0.0,0.0,0.05879473,0.0,0.08659635,0.0,0.025325611,0.016574398,0.0,0.0,0.0,0.0,0.0,0.0,0.0,0.0,0.0,0.0,0.070496894,0.0,0.0,0.0,0.038449645,0.0,0.09855606,0.0,0.0,0.13900623,0.0,0.22434773,0.0,0.0,0.0,0.0,0.0,0.0,0.0,0.15068296,0.0,0.0,0.0,0.0,0.0,0.0,0.0,0.0,0.0,0.0,0.0,0.0,0.0,0.24712408,0.0,0.0,0.0,0.028917493,0.0,0.0,0.0,0.06935181,0.0,0.09045303,0.0,0.0,0.0,0.0,0.0,0.0,0.0,0.0,0.0,0.0,0.0,0.0,0.0,0.0,0.11343681,0.0,0.0,0.0,0.0,0.0,0.0,0.0,0.0,0.0,0.0,0.04183228,0.0,0.023471229,0.0,0.0,0.0,0.27059,0.0,0.0,0.0,0.0,0.0,0.0,0.0,0.25547802,0.0,0.0,0.0,0.0,0.033120878,0.0
2016-04-05 01:00:00,0.25644115,0.019367967,0.0,0.0,0.0,0.0,0.0,0.0,0.0,0.0,0.0,0.0,0.0,0.0,0.0,0.0,0.0,0.0,0.0,0.0,0.0,0.024194717,0.041117452,0.0,0.052683067,0.0,0.0,0.028359905,0.0,0.0,0.0,0.0,0.0,0.0,0.0,0.0,0.0,0.0,0.08750949,0.0,0.0,0.0,0.017052013,0.0,0.0815029,0.0,0.0,0.124030024,0.0,0.18385851,0.0,0.0,0.0,0.0,0.0,0.0,0.016399024,0.16295868,0.0,0.0,0.0,0.0,0.0,0.0,0.0,0.0,0.0,0.0,0.0,0.0,0.0,0.23608708,0.0,0.0,0.0,0.0,0.0,0.0,0.0,0.020096686,0.0,0.07033582,0.0,0.0,0.0,0.0,0.0,0.0,0.016482089,0.0,0.0,0.0,0.0,0.0,0.0,0.0,0.12712467,0.0,0.0,0.0,0.0,0.0,0.0,0.0,0.0,0.0,0.0,0.032461207,0.0,0.0075549707,0.0,0.0,0.0,0.26746708,0.0,0.0,0.0,0.0,0.0,0.0,0.0,0.21674037,0.0,0.0,0.0,0.0,0.045803815,0.0
2016-04-05 02:00:00,0.25128996,0.0,0.0,0.0,0.0,0.0,0.0,0.0,0.0,0.0,0.0,0.0,0.0,0.0,0.0,0.0,0.01111687,0.0,0.0,0.0,0.0,0.068321414,0.025143735,0.0,0.0,0.0,0.0,0.03128642,0.013298614,0.0,0.0,0.0,0.0,0.0,0.0,0.0,0.0,0.0,0.08973715,0.0,0.0,0.0,0.007791032,0.0,0.05920532,0.0,0.0,0.102867305,0.0,0.16920169,0.0,0.0,0.0,0.0,0.0,0.0,0.016049737,0.15929508,0.0,0.0,0.0,0.002020197,0.0,0.0,0.0,0.0,0.0,0.0,0.0,0.0,0.0,0.21946931,0.0,0.0,0.0,0.0,0.0,0.0,0.0,0.0,0.0,0.06447852,0.0,0.0,0.0,0.0,0.0,0.0,0.024046522,0.0,0.0,0.0,0.0,0.0,0.0,0.0,0.12533724,0.0,0.0,0.0,0.0,0.0,0.0,0.0,0.0,0.0,0.0,0.007949583,0.0,0.0,0.058808036,0.0,0.0,0.26598325,0.0,0.0,0.0,0.0,0.0,0.0,0.0,0.18851748,0.0,0.0,0.0,0.0,0.03283032,0.0
2016-04-05 03:00:00,0.25273484,0.0,0.0,0.0,0.0,0.0,0.0,0.0,0.0,0.0,0.0,0.0,0.0,0.0,0.0,0.0,0.0,0.0,0.0,0.0,0.0,0.02966977,0.023803897,0.0,0.0041123033,0.0,0.0,0.018218532,0.0,0.0,0.0,0.0,0.0,0.0,0.0,0.0,0.0,0.0,0.084099196,0.0,0.0,0.0,0.0,0.0,0.0603086,0.0,0.0,0.09086856,0.0,0.16956943,0.0,0.0,0.0,0.0,0.0,0.0,0.0017471644,0.14196458,0.0,0.0,0.0,0.00042422675,0.0,0.0,0.0,0.0,0.0,0.0,0.0,0.0,0.0,0.21068826,0.0,0.0,0.0,0.0,0.0,0.0,0.0,0.0,0.0,0.06669729,0.0,0.0,0.0,0.0,0.0,0.0,0.0023742393,0.0,0.0,0.0,0.0,0.0,0.0,0.0,0.10985576,0.0,0.0,0.0,0.0,0.0,0.0,0.0,0.0,0.0,0.0,0.01010666,0.0,0.0,0.026283665,0.0,0.0,0.25784355,0.0,0.0,0.0,0.0,0.0,0.0,0.0,0.19390261,0.0,0.0,0.0,0.0,0.024141662,0.0
2016-04-05 04:00:00,0.28094098,0.0,0.0,0.0,0.002105549,0.0,0.0,0.0,0.0,0.0,0.0,0.0,0.0,0.0,0.0,0.0,0.0,0.0,0.0,0.0,0.0,0.0138163995,0.04959003,0.0,0.0,0.0,0.0,0.04818605,0.01114447,0.0,0.0,0.0,0.0,0.0,0.0,0.0,0.0,0.0,0.10337115,0.0,0.0,0.0,0.0,0.0,0.05041459,0.0,0.0,0.11802441,0.0,0.19380908,0.0,0.0,0.0,0.0,0.0,0.0,0.021478076,0.16934314,0.0,0.0,0.0,0.011225268,0.0,0.0,0.0,0.0,0.0,0.0,0.0,0.0,0.0,0.22749257,0.0,0.0,0.0,0.0,0.0,0.0,0.0,0.0,0.0,0.10136463,0.0,0.0,0.0,0.0,0.0,0.0,0.007261481,0.0,0.0,0.0,0.0,0.0,0.0,0.0,0.1360125,0.0,0.0,0.0,0.0,0.0,0.0,0.0,0.0,0.0,0.0,0.0,0.0,0.008998722,0.026727784,0.0,0.0,0.2730987,0.0,0.0,0.0,0.0,0.0,0.0,0.0,0.22356798,0.0,0.0,0.0,0.0,0.046794325,0.0
2016-04-05 05:00:00,0.29193687,0.007861827,0.0,0.0,0.026605561,0.0,0.0,0.0,0.0,0.0,0.0,0.0,0.0,0.0,0.0,0.0,0.0,0.0,0.0,0.0,0.0,0.0,0.06526021,0.0,0.0,0.0,0.0,0.05471593,0.0,0.0,0.0,0.0,0.0,0.0,0.0,0.0,0.0,0.0,0.116649024,0.0,0.0,0.0,0.0,0.0,0.053289887,0.0,0.0,0.13431312,0.0,0.20619951,0.0,0.0,0.0,0.0,0.0,0.0,0.021498809,0.1759264,0.0,0.0,0.0,0.014095586,0.0,0.0,0.0,0.0,0.0,0.0,0.0,0.0,0.0,0.23416999,0.0,0.0,0.0,0.0,0.0,0.0,0.0,0.0,0.0,0.11742966,0.0,0.0,0.0,0.0,0.0,0.0,0.0,0.0,0.0,0.0,0.0,0.0,0.0,0.0,0.14344437,0.0,0.0,0.0,0.0,0.0,0.0,0.0,0.0,0.0,0.0,0.0,0.0,0.016194098,0.0,0.0,0.0,0.25795442,0.0,0.0,0.0,0.0,0.0,0.0,0.0,0.24663165,0.0,0.0,0.0,0.0,0.05412022,0.0
2016-04-05 06:00:00,0.3060352,0.033024807,0.0,0.0,0.051037982,0.0,0.0,0.0,0.0,0.0,0.0,0.0,0.0,0.0,0.0,0.0,0.0,0.0,0.0,0.0,0.0,0.0,0.058319934,0.0,0.0,0.0,0.0,0.055993244,0.0,0.0,0.0,0.0,0.0,0.0,0.0,0.0,0.0,0.0,0.13849656,0.0,0.0,0.0,0.0,0.0,0.054397184,0.0,0.0,0.14903972,0.0,0.22658546,0.0,0.0,0.0,0.0,0.0,0.0,0.0,0.16806924,0.0,0.0,0.0,0.014796726,0.0,0.0,0.0,0.0,0.0,0.0,0.0,0.0,0.0,0.23328173,0.0,0.0,0.0,0.0,0.0,0.0,0.0,0.00849439,0.0,0.13476698,0.0,0.0,0.0,0.0,0.0001546666,0.0,0.0,0.0,0.0,0.0,0.0,0.0,0.0,0.0,0.14799184,0.0,0.0,0.0,0.0,0.0,0.0,0.0,0.0,0.0,0.0,0.0,0.0,0.031290166,0.0,0.0,0.0,0.24172293,0.0,0.0,0.0,0.0,0.0,0.0,0.0,0.26419035,0.0,0.0,0.0,0.0,0.058560215,0.0
2016-04-05 07:00:00,0.2910142,0.0,0.0,0.0,0.076814845,0.0,0.0,0.0,0.0,0.0,0.0,0.0,0.0,0.0,0.0,0.0,0.0,0.0,0.0,0.0,0.0,0.0,0.028638087,0.0,0.0,0.0,0.0,0.045454845,0.0,0.0,0.0,0.0,0.0,0.064253174,0.0,0.0,0.0,0.0,0.14598401,0.0,0.0,0.0,0.0,0.0,0.00049057975,0.0,0.0,0.18095717,0.0,0.22099172,0.0,0.0,0.0,0.0,0.0005283654,0.0,0.0,0.16203974,0.0,0.0,0.0,0.0,0.0,0.0,0.0,0.0,0.0,0.0,0.0,0.0,0.0,0.24718943,0.0,0.0,0.0,0.0,0.0,0.0,0.0,0.0,0.0,0.13253331,0.0,0.0,0.0,0.0,0.024282608,0.0,0.01834124,0.0,0.0,0.0,0.0,0.0,0.0,0.0,0.15601325,0.0,0.0,0.0,0.0,0.0,0.0,0.0,0.0,0.0,0.0,0.0,0.0,0.062454976,0.0,0.0,0.0,0.25344437,0.0,0.0,0.0,0.0,0.0,0.0,0.0,0.25451767,0.0,0.0,0.0,0.0,0.06191667,0.0
2016-04-05 08:00:00,0.26939017,0.0,0.0,0.0,0.08713957,0.0,0.0,0.0,0.0,0.0,0.0,0.0,0.0,0.0,0.0,0.0,0.0,0.0,0.0,0.0,0.0,0.0,0.0,0.0,0.0,0.0,0.0,0.036175057,0.0,0.0,0.0,0.0,0.0,0.17467761,0.0,0.0,0.0,0.0,0.1560422,0.0,0.0,0.0,0.0,0.0,0.0,0.0,0.0,0.21780708,0.0,0.20141765,0.0,0.0,0.0,0.0,0.054872222,0.0,0.0,0.15039417,0.0,0.041740745,0.0,0.0,0.0,0.0,0.0,0.0,0.0,0.0,0.0,0.0,0.0,0.27638087,0.0,0.0,0.0,0.0,0.0,0.0,0.0,0.0,0.0,0.13980189,0.0,0.0,0.0,0.0,0.049036685,0.0,0.040493462,0.0,0.0,0.0,0.0,0.0,0.0,0.0,0.15413718,0.0,0.0,0.0,0.0,0.0,0.0,0.0,0.0,0.0067901164,0.0,0.0,0.0,0.081958555,0.059703067,0.0,0.0,0.28516388,0.0,0.0,0.0,0.0,0.0,0.0,0.0,0.23132074,0.0,0.0,0.0,0.0,0.058146738,0.0
