2016-04-01 05:00:00	0.0	0.0	0.027876082807779312	0.06763610243797302	0.0	0.022240787744522095	0.0	0.0	0.0	0.0	0.016634520143270493	0.0	0.0	0.012589801102876663	0.0	0.0	0.0	0.0	0.0	0.029449105262756348	0.0	0.0	0.0	0.03325418382883072	0.0	0.0	0.0	0.0	0.0	0.0	0.0	0.0	0.0	0.0	0.0	0.00460334587842226	0.04124750569462776	0.0	0.0	0.0	0.0044539980590343475	0.0	0.06690342724323273	0.022402668371796608	0.0	0.034458670765161514	0.0	0.0	0.0	0.0	0.0	0.0	0.05442783236503601	0.0	0.0	0.0	0.0	0.0	0.0	0.0	0.0	0.0	0.0	0.053374189883470535
2016-04-01 06:00:00	0.0	0.0	0.01705162785947323	0.03480783477425575	0.0	0.0	0.0	0.0	0.0	0.0	0.0	0.0	0.0	0.005402166396379471	0.0	0.0	0.0	0.0	0.0	0.022256821393966675	0.0	0.0	0.0	0.0	0.0	0.0	0.0	0.0	0.0	0.0	0.0	0.0	0.0	0.0	0.0	0.005376134067773819	0.0015204474329948425	0.0	0.0	0.0	0.0	0.0	0.11484718322753906	0.011393077671527863	0.0	0.01570333167910576	0.0	0.0	0.0	0.0	0.0	0.0	0.047953616827726364	0.0	0.0	0.0	0.0	0.0	0.0	0.0	0.0	0.0	0.0	0.015126369893550873
2016-04-01 07:00:00	0.0	0.0	0.0	0.0	0.0	0.0	0.0	0.0	0.0	0.0	0.0	0.0	0.0	0.0	0.0	0.0	0.0	0.0	0.0	0.005425670184195042	0.0	0.0	0.0	0.0	0.0	0.0	0.0	0.0	0.0	0.0	0.0	0.0	0.0	0.0	0.0	0.0	0.0	0.0	0.0	0.0	0.0	0.0	0.16872045397758484	0.0	0.0	0.0	0.0	0.0	0.0	0.0	0.0	0.0	0.02665262296795845	0.0	0.0	0.0	0.0	0.0	0.0	0.0	0.0	0.0	0.0	0.0
2016-04-01 08:00:00	0.0	0.0	0.0	0.0	0.0	0.0	0.0	0.0	0.0	0.0	0.0	0.0	0.0	0.0	0.0	0.0	0.0	0.0	0.0	0.0	0.0	0.0	0.0	0.0	0.0	0.0	0.0	0.0	0.0	0.0	0.0	0.0	0.0	0.0	0.0	0.0	0.0	0.0	0.0	0.0	0.0	0.0	0.2174551784992218	0.0	0.0	0.0	0.0	0.0	0.0	0.0	0.0	0.0	0.0	0.0	0.0	0.0	0.0	0.0	0.0	0.0	0.0	0.0	0.0	0.0
2016-04-01 09:00:00	0.0	0.0	0.0	0.0	0.0	0.0	0.0	0.0	0.0	0.0	0.0	0.0	0.0	0.0	0.0	0.0	0.0	0.0	0.0	0.0	0.0	0.0	0.0	0.0	0.0	0.0	0.0	0.0	0.0	0.0	0.0	0.0	0.0	0.0	0.0	0.0	0.0	0.0	0.0	0.0	0.0	0.0	0.25751128792762756	0.0	0.0	0.0	0.0	0.0	0.0	0.0	0.0	0.0	0.0	0.0	0.0	0.0	0.0	0.0	0.0	0.0	0.0	0.0	0.0	0.0
2016-04-01 10:00:00	0.0	0.0	0.0	0.0	0.0	0.0	0.0	0.0	0.0	0.0	0.0	0.0	0.0	0.0	0.0	0.0	0.0	0.0	0.0	0.0	0.0	0.0	0.0	0.0	0.0	0.0	0.0	0.0	0.0	0.0	0.0	0.0	0.0	0.0	0.0	0.0	0.0	0.0	0.0	0.0	0.0	0.0	0.2777440547943115	0.0	0.0	0.0	0.0	0.0	0.0	0.0	0.0	0.0	0.0	0.0	0.0	0.0	0.0	0.0	0.0	0.0	0.0	0.0	0.0	0.0
2016-04-01 11:00:00	0.0	0.0	0.0	0.0	0.031766168773174286	0.0	0.0	0.0	0.0	0.0	0.0	0.0	0.0	0.0	0.0	0.0	0.0	0.0	0.0	0.0	0.0	0.0	0.0	0.0	0.0	0.0	0.0	0.0	0.0	0.0	0.0	0.0	0.0	0.0	0.0	0.0	0.0	0.0	0.0	0.0	0.001724444329738617	0.0	0.27997270226478577	0.0	0.0	0.0	0.0	0.0	0.0	0.0	0.0	0.0	0.0	0.0	0.0	0.0	0.0	0.0	0.0	0.0	0.0	0.0	0.0	0.0
2016-04-01 12:00:00	0.0	0.0	0.0	0.0	0.07767312973737717	0.032371796667575836	0.0	0.0	0.0	0.0	0.0	0.0	0.0	0.0	0.0	0.0	0.0	0.0	0.0	0.0	0.0	0.0	0.0	0.0	0.0	0.0	0.0	0.0	0.0	0.04092200845479965	0.0	0.0	0.0	0.0	0.0	0.0	0.0	0.0	0.0	0.0	0.014878273010253906	0.0	0.2375798523426056	0.0	0.0	0.0	0.0	0.0	0.0	0.0	0.0	0.0	0.0	0.0	0.0	0.0	0.0	0.0	0.0	0.0	0.0	0.0	0.0	0.0
2016-04-01 13:00:00	0.0	0.0	0.0	0.01952410489320755	0.1094643697142601	0.05012686178088188	0.0	0.0	0.0	0.0	0.0	0.0	0.0	0.0	0.0	0.0	0.0	0.0	0.0	0.0	0.0	0.0	0.0	0.0	0.0	0.0	0.0	0.0	0.0	0.05716332048177719	0.0	0.0	0.0	0.0	0.0	0.011948377825319767	0.0	0.0	0.0	0.0	0.011503290385007858	0.0	0.192251056432724	0.0	0.0	0.0	0.0	0.0	0.0	0.0	0.0	0.0	0.0	0.0	0.0	0.0	0.0	0.0	0.0	0.0	0.0	0.0	0.0	0.0
2016-04-01 14:00:00	0.0	0.0	0.0	0.0017978698015213013	0.08014184981584549	0.02295117825269699	0.0	0.0	0.0	0.0	0.0	0.0	0.0	0.0	0.0	0.0	0.0	0.0	0.0	0.0	0.0	0.0	0.0	0.0	0.0	0.0	0.0	0.0	0.0	0.01668854057788849	0.0	0.0	0.0	0.0	0.0	0.0	0.0	0.0	0.0	0.0	0.0	0.0	0.21153223514556885	0.0	0.0	0.0	0.0	0.0	0.0	0.0	0.0	0.0	0.0	0.0	0.0	0.0	0.0	0.0	0.0	0.0	0.0	0.0	0.0	0.0
2016-04-01 15:00:00	0.0	0.0	0.0	0.0	0.03193546086549759	0.0	0.0	0.0	0.0	0.0	0.0	0.0	0.0	0.0	0.0	0.0	0.0	0.0	0.0	0.0	0.0	0.0	0.0	0.0	0.0	0.0	0.0	0.0	0.0	0.0	0.0	0.0	0.0	0.0	0.0	0.0	0.0	0.0	0.0	0.0	0.0	0.0	0.2537251114845276	0.0	0.0	0.0	0.0	0.0	0.0	0.0	0.0	0.0	0.0	0.0	0.0	0.0	0.0	0.0	0.0	0.0	0.0	0.0	0.0	0.0
2016-04-01 16:00:00	0.0	0.0	0.0	0.0	0.008645709604024887	0.0	0.0	0.0	0.0	0.0	0.0	0.0	0.0	0.0	0.0	0.0	0.0	0.0	0.0	0.0	0.0	0.0	0.0	0.0	0.0	0.0	0.0	0.0	0.0	0.0	0.0	0.0	0.0	0.0	0.0	0.0	0.0	0.0	0.0	0.0	0.0	0.0	0.23286432027816772	0.0	0.0	0.0	0.0	0.0	0.0	0.0	0.0	0.0	0.0	0.0	0.0	0.0	0.0	0.0	0.0	0.0	0.0	0.0	0.0	0.0
2016-04-01 17:00:00	0.0	0.0	0.0	0.0	0.0	0.0	0.0	0.0	0.0	0.0	0.0	0.0	0.0	0.0	0.0	0.0	0.0	0.0	0.0	0.0	0.0	0.0	0.0	0.0	0.0	0.0	0.0	0.0	0.0	0.0	0.0	0.0	0.0	0.0	0.0	0.0	0.0	0.0	0.0	0.0	0.0	0.0	0.21743938326835632	0.0	0.0	0.0	0.0	0.0	0.0	0.0	0.0	0.0	0.0	0.0	0.0	0.0	0.0	0.0	0.0	0.0	0.0	0.0	0.0	0.0
2016-04-01 18:00:00	0.0	0.0	0.0	0.0012775063514709473	0.0	0.0	0.0	0.0	0.0	0.0	0.0	0.0	0.0	0.0	0.0	0.0	0.0	0.0	0.0	0.0	0.0	0.0	0.0	0.0	0.0	0.0	0.0	0.0	0.0	0.0	0.0	0.0	0.0	0.0	0.0	0.006146053783595562	0.0	0.0	0.0	0.0	0.0	0.0	0.1981969028711319	0.0	0.0	0.0	0.0	0.0	0.0	0.0	0.0	0.0	0.0	0.0	0.0	0.0	0.0	0.0	0.0	0.0	0.0	0.0	0.0	0.0
2016-04-01 19:00:00	0.0	0.0	0.0	0.002109542489051819	0.0	0.0	0.0	0.0	0.0	0.0	0.0	0.0	0.0	0.0	0.0	0.0	0.0	0.0	0.0	0.0030915727838873863	0.0	0.0	0.0	0.0	0.0	0.0	0.0	0.0	0.0	0.0	0.0	0.0	0.0	0.0	0.0	0.008962507359683514	0.0	0.0	0.0	0.0	0.0	0.0	0.19640910625457764	0.0	0.0	0.0	0.0	0.0	0.0	0.0	0.0	0.0	0.0022220127284526825	0.0	0.0	0.0	0.0	0.0	0.0	0.0	0.0	0.0	0.0	0.0
2016-04-01 20:00:00	0.0	0.0	0.0	0.000933431088924408	0.0	0.0	0.0	0.0	0.0	0.0	0.0	0.0	0.0	0.0	0.0	0.0	0.0	0.0	0.0	0.004094516858458519	0.0	0.0	0.0	0.0	0.0	0.0	0.0	0.0	0.0	0.0	0.0	0.0	0.0	0.0	0.0	0.008803763426840305	0.0	0.0	0.0	0.0	0.0	0.0	0.19607849419116974	0.0	0.0	0.0	0.0	0.0	0.0	0.0	0.0	0.0	0.0038519762456417084	0.0	0.0	0.0	0.0	0.0	0.0	0.0	0.0	0.0	0.0	0.0
2016-04-01 21:00:00	0.0	0.0	0.0	0.0017751902341842651	0.0	0.0	0.0	0.0	0.0	0.0	0.0	0.0	0.0	0.0	0.0	0.0	0.0	0.0	0.0	0.004620817489922047	0.0	0.0	0.0	0.0	0.0	0.0	0.0	0.0	0.0	0.0	0.0	0.0	0.0	0.0	0.0	0.006771390326321125	0.0	0.0	0.0	0.0	0.0	0.0	0.19547605514526367	0.0	0.0	0.0	0.0	0.0	0.0	0.0	0.0	0.0	0.0043157003819942474	0.0	0.0	0.0	0.0	0.0	0.0	0.0	0.0	0.0	0.0	0.0
2016-04-01 22:00:00	0.0	0.0	0.0	0.014271743595600128	0.0	0.0	0.0	0.0	0.0	0.0	0.0	0.0	0.0	0.00403023324906826	0.0	0.0	0.0	0.0	0.0	0.01027906034141779	0.0	0.0	0.0	0.001150578260421753	0.0	0.0	0.0	0.0	0.0	0.0	0.0	0.0	0.0	0.0	0.0	0.010991283692419529	0.0	0.0	0.0	0.0	0.0	0.0	0.18723203241825104	0.0	0.0	8.0842524766922e-05	0.0	0.0	0.0	0.0	0.0	0.0	0.004481527954339981	0.0	0.0	0.0	0.0	0.0	0.0	0.0	0.0	0.0	0.0	0.0
2016-04-01 23:00:00	0.0	0.0	0.0	0.012701839208602905	0.0	0.0	0.0	0.0	0.0	0.0	0.0	0.0	0.0	0.002439286559820175	0.0	0.0	0.0	0.0	0.0	0.008901203982532024	0.0	0.0	0.0	0.0	0.0	0.0	0.0	0.0	0.0	0.0	0.0	0.0	0.0	0.0	0.0	0.009932120330631733	0.0	0.0	0.0	0.0	0.0	0.0	0.18695850670337677	0.0	0.0	0.0	0.0	0.0	0.0	0.0	0.0	0.0	0.00823206827044487	0.0	0.0	0.0	0.0	0.0	0.0	0.0	0.0	0.0	0.0	0.0
2016-04-02 00:00:00	0.0	0.0	0.0	0.04025578498840332	0.0	0.000371348112821579	0.0	0.0	0.0	0.0	0.007176641374826431	0.0	0.0	0.004929978400468826	0.0	0.0	0.0	0.0	0.0	0.026518868282437325	0.0	0.0	0.0	0.022834092378616333	0.0	0.0	0.0	0.0	0.0	0.001079745590686798	0.0	0.0	0.0	0.0	0.0	0.007327438332140446	0.0	0.0	0.0	0.0	0.0	0.0	0.16350451111793518	0.0	0.0	0.012010473757982254	0.0	0.0	0.0	0.0	0.0	0.0	0.017604902386665344	0.0	0.0	0.0	0.0	0.0	0.0	0.0	0.0	0.0	0.0	0.004823364317417145
2016-04-02 01:00:00	0.0	0.0	0.0	0.012508176267147064	0.0	0.0	0.0	0.0	0.0	0.0	0.0	0.0	0.0	0.0	0.0	0.0	0.0	0.0	0.0	0.012991673313081264	0.0	0.0	0.0	0.0	0.0	0.0	0.0	0.0	0.0	0.0	0.0	0.0	0.0	0.0	0.0	0.009314059279859066	0.0	0.0	0.0	0.0	0.0	0.0	0.184176966547966	0.0	0.0	0.0	0.0	0.0	0.0	0.0	0.0	0.0	0.019654657691717148	0.0	0.0	0.0	0.0	0.0	0.0	0.0	0.0	0.0	0.0	0.0
2016-04-02 02:00:00	0.0	0.0	0.0	0.005936063826084137	0.0	0.0	0.0	0.0	0.0	0.0	0.0	0.0	0.0	0.0	0.0	0.0	0.0	0.0	0.0	0.0065541947260499	0.0	0.0	0.0	0.0	0.0	0.0	0.0	0.0	0.0	0.0	0.0	0.0	0.0	0.0	0.0	0.006424044258892536	0.0	0.0	0.0	0.0	0.0	0.0	0.17750683426856995	0.0	0.0	0.0	0.0	0.0	0.0	0.0	0.0	0.0	0.02225523814558983	0.0	0.0	0.0	0.0	0.0	0.0	0.0	0.0	0.0	0.0	0.0
2016-04-02 03:00:00	0.0	0.0	0.0	0.0	0.0	0.0	0.0	0.0	0.0	0.0	0.0	0.0	0.0	0.0	0.0	0.0	0.0	0.0	0.0	0.0	0.0	0.0	0.0	0.0	0.0	0.0	0.0	0.0	0.0	0.0	0.0	0.0	0.0	0.0	0.0	0.0	0.0	0.0	0.0	0.0	0.0	0.0	0.20920363068580627	0.0	0.0	0.0	0.0	0.0	0.0	0.0	0.0	0.0	0.006198760122060776	0.0	0.0	0.0	0.0	0.0	0.0	0.0	0.0	0.0	0.0	0.0
2016-04-02 04:00:00	0.0	0.0	0.0	0.0	0.0	0.0	0.0	0.0	0.0	0.0	0.0	0.0	0.0	0.0	0.0	0.0	0.0	0.0	0.0	0.0	0.0	0.0	0.0	0.0	0.0	0.0	0.0	0.0	0.0	0.0	0.0	0.0	0.0	0.0	0.0	0.000811639241874218	0.0	0.0	0.0	0.0	0.0	0.0	0.17356598377227783	0.0	0.0	0.0	0.0	0.0	0.0	0.0	0.0	0.0	0.013458963483572006	0.0	0.0	0.0	0.0	0.0	0.0	0.0	0.0	0.0	0.0	0.0
2016-04-02 05:00:00	0.0	0.0	0.004193149507045746	0.010221004486083984	0.0	0.0	0.0	0.0	0.0	0.0	0.0	0.0	0.0	0.0	0.0	0.0	0.0	0.0	0.0	0.0	0.0	0.0	0.0	0.004619617015123367	0.0	0.0	0.0	0.0	0.0	0.0	0.0	0.0	0.0	0.0	0.0	0.00622906256467104	0.0	0.0	0.0	0.0	0.0010228119790554047	0.0	0.15162432193756104	0.0	0.0	0.0	0.0	0.0	0.0	0.0	0.0	0.0	0.015699096024036407	0.0	0.0	0.0	0.0	0.0	0.0	0.0	0.0	0.0	0.0	0.0
2016-04-02 06:00:00	0.0	0.0	0.004590116441249847	0.011165127158164978	0.0	0.0	0.0	0.0	0.0	0.0	0.0	0.0	0.0	0.0	0.0	0.0	0.0	0.0	0.0	0.0	0.0	0.0	0.0	0.010586071759462357	0.0	0.0	0.0	0.0	0.0	0.0	0.0	0.0	0.0	0.0	0.0	0.009151926264166832	0.0	0.0	0.0	0.0	0.004122473299503326	0.0	0.16360774636268616	0.0	0.0	0.003655422478914261	0.0	0.0	0.0	0.0	0.0	0.0	0.010284755378961563	0.0	0.0	0.0	0.0	0.0	0.0	0.0	0.0	0.0	0.0	0.0
2016-04-02 07:00:00	0.0	0.0	0.0	0.008756741881370544	0.0	0.0	0.0	0.0	0.0	0.0	0.0037735700607299805	0.0	0.0	0.0	0.0	0.0	0.0	0.0	0.0	0.0	0.0	0.0	0.0	0.0140313059091568	0.0	0.0	0.0	0.0	0.0	0.0	0.0	0.0	0.0	0.0	0.0	0.007199169136583805	0.0	0.0	0.0	0.0	0.0030131861567497253	0.0	0.1832173466682434	0.0	0.0	0.0	0.0	0.0	0.0	0.0	0.0	0.0	0.0	0.0	0.0	0.0	0.0	0.0	0.0	0.0	0.0	0.0	0.0	0.0
2016-04-02 08:00:00	0.0	0.0	0.0	0.030654769390821457	0.0	0.006858795881271362	0.0	0.0	0.0	0.0	0.010179642587900162	0.0	0.0	0.0	0.0	0.0	0.0	0.0	0.0	0.0	0.0	0.0	0.0	0.024720147252082825	0.0	0.0	0.0	0.0	0.0	0.0	0.0	0.0	0.0	0.0	0.0	0.004448310472071171	0.0	0.0	0.0	0.0	0.01207784004509449	0.0	0.1624617874622345	0.0	0.0	0.0	0.0	0.0	0.0	0.0	0.0	0.0	0.0	0.0	0.0	0.0	0.0	0.0	0.0	0.0	0.0	0.0	0.0	0.0
2016-04-02 09:00:00	0.0	0.0	0.0	0.014504283666610718	0.0	0.012857984751462936	0.0	0.0	0.0	0.0	0.0	0.0	0.0	0.0	0.0	0.0	0.0	0.0	0.0	0.0	0.0	0.0	0.0	0.005225565284490585	0.0	0.0	0.0	0.0	0.0	0.0	0.0	0.0	0.0	0.0	0.0	0.0009682094678282738	0.0	0.0	0.0	0.0	0.018534421920776367	0.0	0.15351733565330505	0.0	0.0	0.0	0.0	0.0	0.0	0.0	0.0	0.0	4.427507519721985e-05	0.0	0.0	0.0	0.0	0.0	0.0	0.0	0.0	0.0	0.0	0.0
2016-04-02 10:00:00	0.0	0.0	0.0	0.020144373178482056	0.0	0.032338760793209076	0.0	0.0	0.0	0.0	0.0	0.0	0.0	0.0	0.0	0.0	0.0	0.0	0.0	0.0	0.0	0.0	0.0	0.0	0.0	0.0	0.0	0.0	0.0	0.0	0.0	0.0	0.0	0.0	0.0	0.0	0.0	0.0	0.0	0.0	0.025169067084789276	0.0	0.10925962030887604	0.0	0.0	0.0	0.0	0.0	0.0	0.0	0.0	0.0	0.00958474725484848	0.0	0.0	0.0	0.0	0.0	0.0	0.0	0.0	0.0	0.0	0.0
2016-04-02 11:00:00	0.0	0.0	0.0	0.0006488785147666931	0.03251095116138458	0.0285477451980114	0.0	0.0	0.0	0.0	0.0	0.0	0.0	0.0	0.0	0.0	0.0	0.0	0.0	0.0	0.0	0.0	0.0	0.0	0.0	0.0	0.0	0.0	0.0	0.0	0.0	0.0	0.0	0.0	0.0	0.0	0.0	0.0	0.0	0.0	0.02778465487062931	0.0	0.09347915649414062	0.0	0.0	0.0	0.0	0.0	0.0	0.0	0.0	0.0	0.013000193983316422	0.0	0.0	0.0	0.0	0.0	0.0	0.0	0.0	0.0	0.0	0.0
2016-04-02 12:00:00	0.0	0.0	0.0	0.027175530791282654	0.07101985812187195	0.04629892110824585	0.0	0.0	0.0	0.0	0.0	0.0	0.0	0.0	0.0	0.0	0.0	0.0	0.0	0.003743017092347145	0.0	0.0	0.0	0.0	0.0	0.0	0.0	0.0	0.0	0.0	0.0	0.0	0.0	0.0	0.0	0.005682031624019146	0.0	0.0	0.0	0.0	0.03469293564558029	0.0	0.046098679304122925	0.0011893827468156815	0.0	0.010594528168439865	0.0	0.0	0.0	0.0	0.0	0.0	0.02601899951696396	0.0	0.0	0.0	0.0	0.0	0.0	0.0	0.0	0.0	0.0	0.0
2016-04-02 13:00:00	0.0	0.0	0.0	0.01055089384317398	0.09175769239664078	0.03140834718942642	0.0	0.0	0.0	0.0	0.0	0.0	0.0	0.0	0.0	0.0	0.0	0.0	0.0	0.0	0.0	0.0	0.0	0.0	0.0	0.0	0.0	0.0	0.005804926156997681	0.0	0.0	0.0	0.0	0.0	0.0	0.015236236155033112	0.0	0.0	0.0	0.0	0.03358159959316254	0.0	0.04295840859413147	0.0	0.0	0.0009906552731990814	0.0	0.0	0.0	0.0	0.0	0.0	0.0352027490735054	0.0	0.0	0.021243132650852203	0.0	0.0	0.0	0.0	0.0	0.0	0.0	0.0
2016-04-02 14:00:00	0.0	0.0	0.0	0.0	0.09258923679590225	0.013967815786600113	0.0	0.0	0.0	0.0	0.0	0.0	0.0	0.0	0.0	0.0	0.0	0.0	0.0	0.0	0.0	0.0	0.0	0.0	0.0	0.0	0.0	0.0	0.0	0.0	0.0	0.0	0.0	0.0	0.0	0.024406732991337776	0.0	0.0035955943167209625	0.0	0.0	0.02030542865395546	0.0	0.0421733483672142	0.0	0.0	0.0	0.0	0.0	0.0	0.0	0.0	0.0	0.02884858474135399	0.0	0.0	0.053863752633333206	0.0	0.0	0.0	0.0	0.0	0.0	0.0	0.0
2016-04-02 15:00:00	0.0	0.0	0.0	0.0	0.08355756103992462	0.0	0.0	0.0	0.0	0.0	0.0	0.0	0.0	0.0	0.0	0.0	0.0	0.0	0.0	0.0	0.0	0.0	0.0	0.0	0.0	0.0	0.0	0.0	0.0	0.0	0.0	0.0	0.0	0.0	0.0	0.026905221864581108	0.0	0.03902948275208473	0.0	0.0	0.0	0.0	0.03518828749656677	0.0	0.0	0.0	0.0	0.0	0.0	0.0	0.0	0.0	0.014073535799980164	0.0	0.0	0.07790590822696686	0.0	0.0	0.0	0.0	0.0	0.0	0.0	0.0
2016-04-02 16:00:00	0.0	0.0	0.0	0.0	0.012130694463849068	0.0	0.0	0.0	0.0	0.0	0.0	0.0	0.0	0.0	0.0	0.0	0.0	0.0	0.0	0.0	0.0	0.0	0.0	0.0	0.0	0.0	0.0	0.0	0.0	0.0	0.0	0.0	0.0	0.0	0.0	0.023242894560098648	0.0	0.042633090168237686	0.0	0.0	0.0	0.0	0.0	0.022829905152320862	0.0	0.0031300075352191925	0.0	0.0	0.0	0.0	0.0	0.0	0.01756317913532257	0.0	0.0	0.07304881513118744	0.0	0.04345877468585968	0.0	0.0	0.0	0.0	0.0	0.02276669070124626
2016-04-02 17:00:00	0.0	0.0	0.027197696268558502	0.05729600787162781	0.0	0.0	0.0	0.0	0.0	0.0	0.027621325105428696	0.0	0.0	0.0	0.0	0.0	0.0	0.0	0.0	0.0	0.0	0.0	0.0	0.03488516807556152	0.0	0.0	0.0	0.0	0.0	0.025628678500652313	0.0	0.0	0.0	0.0	0.0	0.013453821651637554	0.08583535999059677	0.025031689554452896	0.06436101347208023	0.0	0.02281779795885086	0.0	0.0	0.05173487961292267	0.0	0.03678838908672333	0.0	0.0	0.0	0.0	0.0	0.0	0.04402177035808563	0.0	0.0	0.04333942010998726	0.0	0.05003762245178223	0.0	0.0	0.0	0.0	0.0	0.08731742948293686
2016-04-02 18:00:00	0.0	0.0	0.04643866792321205	0.08852239698171616	0.0	0.017193783074617386	0.0	0.0	0.0	0.0	0.039335642009973526	0.0	0.0	0.0	0.0	0.0	0.0	0.0	0.0	0.0	0.0	0.0	0.0	0.06109222397208214	0.0	0.0	0.0	0.0	0.0	0.03899462893605232	0.0	0.0	0.0	0.0	0.0	0.00870899111032486	0.125639408826828	0.02063857764005661	0.09237901866436005	0.0	0.04319872707128525	0.0	0.0	0.0622212179005146	0.0	0.047278422862291336	0.0	0.0	0.0	0.0	0.0	0.0	0.058170173317193985	0.0	0.0	0.034007374197244644	0.0	0.030054204165935516	0.0	0.0	0.0	0.0	0.0	0.11228504776954651
2016-04-02 19:00:00	0.0	0.0	0.05320311337709427	0.10715730488300323	0.0	0.020233865827322006	0.0	0.0	0.0	0.0	0.041069939732551575	0.0	0.0	0.0	0.0	0.0	0.0	0.0	0.0	0.0	0.0	0.0	0.0	0.06616757810115814	0.0	0.0	0.0	0.0	0.0	0.04020804166793823	0.0	0.0	0.0	0.0	0.0	0.011809717863798141	0.1482076346874237	0.019302044063806534	0.10774789750576019	0.0	0.04986083135008812	0.0	0.0	0.060452576726675034	0.0	0.052154988050460815	0.0	0.0	0.0	0.0	0.0	0.0	0.06624318659305573	0.0	0.0	0.04405292496085167	0.0	0.03798278421163559	0.0	0.0	0.0	0.0	0.0	0.11137139797210693
2016-04-02 20:00:00	0.0	0.0	0.0823325589299202	0.17366552352905273	0.0	0.05047471076250076	0.0	0.0	0.0	0.0	0.0362696498632431	0.0	0.0	0.017173834145069122	0.0	0.0	0.0	0.0	0.0	0.024551335722208023	0.0	0.0	0.0	0.078050896525383	0.0	0.0	0.0	0.0	0.0	0.0947805792093277	0.0	0.0	0.0	0.0	0.0	0.01725275069475174	0.201723113656044	0.0	0.19137680530548096	0.0	0.07924631237983704	0.01023980975151062	0.0	0.07830829918384552	0.0	0.09593284130096436	0.0	0.0	0.0	0.0	0.0	0.0	0.11116935312747955	0.0	0.0	0.03505722060799599	0.0	0.05259682238101959	0.0	0.0	0.0	0.0	0.0	0.12765683233737946
2016-04-02 21:00:00	0.0	0.0	0.11552059650421143	0.2150993049144745	0.0	0.059616900980472565	0.0	0.0	0.0	0.0	0.019143156707286835	0.0	0.0	0.040029898285865784	0.0	0.0	0.0	0.0	0.0	0.03572267293930054	0.0	0.0	0.0	0.0867232009768486	0.0	0.0	0.0	0.0	0.004128407686948776	0.14719119668006897	0.0	0.0	0.0	0.0	0.0	0.015519564971327782	0.21884997189044952	0.0	0.25509506464004517	0.0	0.08234557509422302	0.025949619710445404	0.0	0.08485034853219986	0.0	0.1194145530462265	0.0	0.0	0.0	0.0	0.0	0.0	0.14158299565315247	0.0	0.0	0.002146601676940918	0.0	0.032186493277549744	0.0	0.0	0.0	0.0	0.0	0.13791605830192566
2016-04-02 22:00:00	0.0	0.0	0.13657161593437195	0.26088187098503113	0.0	0.08153704553842545	0.0	0.0	0.0	0.0	0.014178315177559853	0.0	0.0	0.051284655928611755	0.0	0.0	0.0	0.0	0.0	0.036054085940122604	0.0	0.0	0.0	0.1150888204574585	0.0	0.0	0.0	0.0	0.014578752219676971	0.1943848431110382	0.0	0.0	0.0	0.0	0.0	0.018574533984065056	0.26528406143188477	0.0	0.30426573753356934	0.0	0.10277747362852097	0.02846342697739601	0.0	0.08639399707317352	0.0	0.13218922913074493	0.0	0.0	0.0	0.0	0.0	0.0	0.15923337638378143	0.0	0.0	0.0	0.0	0.02127698063850403	0.0	0.0	0.0	0.0	0.0	0.15852542221546173
2016-04-02 23:00:00	0.0	0.0	0.13960452377796173	0.27644699811935425	0.0	0.08956561982631683	0.0	0.0	0.0	0.0	0.016093984246253967	0.0	0.0	0.053727757185697556	0.0	0.0	0.0	0.0	0.0	0.03603963181376457	0.0	0.0	0.0	0.12556599080562592	0.0	0.0	0.0	0.0	0.016648363322019577	0.20954054594039917	0.0	0.0	0.0	0.0	0.0	0.021188581362366676	0.2862892746925354	0.0	0.32014504075050354	0.0	0.11166632175445557	0.027039609849452972	0.0	0.08487134426832199	0.0	0.13499905169010162	0.0	0.0	0.0	0.0	0.0	0.0	0.1635761559009552	0.0	0.0	0.0	0.0	0.019586831331253052	0.0	0.0	0.0	0.0	0.0	0.1651867926120758
2016-04-03 00:00:00	0.0	0.0	0.11812146008014679	0.2780154347419739	0.0	0.11634376645088196	0.0	0.0	0.0	0.0	0.040997207164764404	0.0	0.0	0.056276269257068634	0.0	0.0	0.0	0.0	0.0	0.035047076642513275	0.0	0.0	0.0	0.12924307584762573	0.0	0.0	0.0	0.0	0.01401178352534771	0.19751949608325958	0.0	0.0	0.0	0.0	0.0	0.018748922273516655	0.2980130910873413	0.0	0.2866153120994568	0.0	0.1322140395641327	0.03620196878910065	0.0	0.06662534177303314	0.0	0.11533956229686737	0.0	0.0	0.0	0.0	0.0	0.0	0.1504017561674118	0.0	0.0	0.012231145054101944	0.0	0.015977144241333008	0.0	0.0	0.0	0.0	0.0	0.1510411500930786
2016-04-03 01:00:00	0.0	0.0	0.13308772444725037	0.32410556077957153	0.0	0.1481952667236328	0.0	0.0	0.0	0.0	0.028282104060053825	0.0	0.0	0.06645114719867706	0.0	0.0	0.0	0.0	0.0	0.02871444821357727	0.0	0.0	0.0	0.16452500224113464	0.0	0.0	0.0	0.0	0.04280395805835724	0.2927110493183136	0.0	0.0	0.0	0.0	0.0	0.029242470860481262	0.361087441444397	0.0	0.3536630868911743	0.0	0.15659810602664948	0.024766050279140472	0.0	0.07660184800624847	0.006686847656965256	0.14355605840682983	0.0	0.0	0.0	0.0	0.0	0.0	0.1756012737751007	0.0	0.0	0.0	0.0	0.0	0.0	0.0	0.0	0.0	0.0	0.18345022201538086
2016-04-03 02:00:00	0.0	0.0	0.11495453119277954	0.29720476269721985	0.0	0.11798009276390076	0.0	0.0	0.0	0.0	0.015241187065839767	0.0	0.0	0.059460386633872986	0.0	0.0	0.0	0.0	0.0	0.03629620000720024	0.0	0.0	0.0	0.15047243237495422	0.0	0.0	0.0	0.0	0.0421946756541729	0.3143415153026581	0.0	0.0	0.0	0.0	0.0	0.02431831881403923	0.3052111864089966	0.0	0.3626936078071594	0.0	0.11942455172538757	0.026388872414827347	0.0	0.07806973904371262	0.001864451915025711	0.13459880650043488	0.0	0.0	0.0	0.0	0.0	0.0	0.17798517644405365	0.0	0.0	0.0	0.0	0.0	0.0	0.0	0.0	0.0	0.0	0.19024664163589478
2016-04-03 03:00:00	0.0	0.0	0.1317892074584961	0.3675071597099304	0.0	0.1531592607498169	0.0	0.0	0.0	0.0	0.01837177388370037	0.0	0.0	0.07223817706108093	0.0	0.0	0.0	0.0	0.0	0.04074154049158096	0.0	0.0	0.0	0.18762338161468506	0.0	0.0	0.0	0.0	0.037244923412799835	0.3878907263278961	0.0	0.0	0.0	0.0	0.0	0.02002684399485588	0.3630611300468445	0.0	0.439598023891449	0.0	0.14274734258651733	0.013077735900878906	0.0	0.09870804846286774	0.008286623284220695	0.15700441598892212	0.0	0.0	0.0	0.0	0.0	0.0	0.2086416482925415	0.0	0.0	0.0	0.0	0.0	0.0	0.0	0.0	0.0	0.0	0.24694111943244934
2016-04-03 04:00:00	0.0	0.0	0.11844129115343094	0.3586318790912628	0.0	0.15204977989196777	0.0	0.0	0.0	0.0	0.03172900900244713	0.0	0.0	0.06246204674243927	0.0	0.0	0.0	0.0	0.0	0.041711173951625824	0.0	0.0	0.0	0.1967008411884308	0.0	0.0	0.0	0.0	0.029940787702798843	0.3788087069988251	0.0	0.0	0.0	0.0	0.0	0.01156045962125063	0.3560558557510376	0.0	0.43308305740356445	0.0	0.14844530820846558	0.007560346275568008	0.0	0.09314127266407013	0.001875540241599083	0.15613551437854767	0.0	0.0	0.0	0.0	0.0	0.0	0.20071324706077576	0.0	0.0	0.0	0.0	0.0	0.0	0.0	0.0	0.0	0.0	0.2483159899711609
2016-04-03 05:00:00	0.0	0.0	0.10581040382385254	0.3546539843082428	0.0	0.15196388959884644	0.0	0.0	0.0	0.0	0.04299329221248627	0.0	0.0	0.0537518747150898	0.0	0.0	0.0	0.0	0.0	0.04442295432090759	0.0	0.0	0.0	0.20342528820037842	0.0	0.0	0.0	0.0	0.023876644670963287	0.3765982985496521	0.0	0.0	0.0	0.0	0.0	0.0069015840999782085	0.35231608152389526	0.0	0.4318349361419678	0.0	0.15340252220630646	0.0	0.0	0.09222394227981567	0.0	0.1569366157054901	0.0	0.0	0.0	0.0	0.0	0.0	0.197649285197258	0.0	0.0	0.0	0.0	0.0	0.0	0.0	0.0	0.0	0.0	0.25192347168922424
2016-04-03 06:00:00	0.0	0.0	0.09094883501529694	0.3609811067581177	0.0	0.16503126919269562	0.0	0.0	0.0	0.0	0.059772517532110214	0.0	0.0	0.05006876587867737	0.0	0.0	0.0	0.0	0.0	0.043432436883449554	0.0	0.0	0.0	0.21448376774787903	0.0	0.0	0.0	0.0	0.01768425852060318	0.38360828161239624	0.0	0.0	0.0	0.0	0.0	0.004717252217233181	0.36763930320739746	0.0	0.4267829656600952	0.0	0.17266003787517548	0.0	0.0	0.08992993831634521	0.0	0.15230366587638855	0.0	0.0	0.0	0.0	0.0	0.0	0.1953263282775879	0.0	0.0	0.0	0.0	0.0	0.0	0.0	0.0	0.0	0.0	0.259027361869812
2016-04-03 07:00:00	0.0	0.0	0.07327055931091309	0.33059510588645935	0.0	0.17450517416000366	0.0	0.0	0.0	0.0	0.0747515931725502	0.0	0.0	0.04778670519590378	0.0	0.0	0.0	0.0	0.0	0.03180909901857376	0.0	0.0	0.0	0.2015833556652069	0.0	0.0	0.0	0.0	0.009149648249149323	0.33225321769714355	0.0	0.0	0.0	0.0	0.0	0.0	0.3491128087043762	0.0	0.3623870015144348	0.0	0.18247810006141663	0.0005306676030158997	0.0	0.08016350865364075	0.0	0.12004508078098297	0.0	0.0	0.0	0.0	0.0	0.0	0.16507792472839355	0.0	0.0	0.0	0.0	0.0	0.0	0.0	0.0	0.0	0.0	0.24312743544578552
2016-04-03 08:00:00	0.0	0.0	0.0758301317691803	0.35680845379829407	0.0	0.21034666895866394	0.0	0.0	0.0	0.0	0.11212628334760666	0.0	0.0	0.06775517761707306	0.0	0.0	0.0	0.0	0.0	0.036474935710430145	0.0	0.0	0.0	0.21091508865356445	0.0	0.0	0.0	0.0	0.028343454003334045	0.32561731338500977	0.0	0.0	0.0	0.0	0.0	0.003106880933046341	0.3753458261489868	0.0	0.33833515644073486	0.0	0.19929324090480804	0.0	0.0	0.07082626223564148	0.0	0.0937386155128479	0.0	0.0	0.0	0.0	0.0	0.0	0.1578725129365921	0.0	0.0	0.0	0.0	0.0	0.0	0.0	0.0	0.0	0.0	0.2548089027404785
2016-04-03 09:00:00	0.0	0.0	0.06843744218349457	0.3425593674182892	0.0	0.2243293970823288	0.0	0.0	0.0	0.0	0.13424699008464813	0.0	0.0	0.0794844925403595	0.0	0.0	0.0	0.0	0.0	0.03426089882850647	0.0	0.0	0.0	0.1932191252708435	0.0	0.0	0.0	0.0	0.0448860302567482	0.29764676094055176	0.0	0.0	0.0	0.0	0.0	0.008669480681419373	0.3670094609260559	0.0	0.2873826026916504	0.01388414017856121	0.19449445605278015	0.0	0.0	0.06236220896244049	0.0	0.07263793796300888	0.0	0.0	0.0	0.0	0.0	0.0	0.1418960839509964	0.0	0.0	0.022993776947259903	0.0	0.0	0.0	0.0	0.0	0.0	0.0	0.24161845445632935
2016-04-03 10:00:00	0.0	0.0	0.05698488652706146	0.33424922823905945	0.0	0.2347426414489746	0.0	0.0	0.0	0.0	0.14064092934131622	0.0	0.0	0.07880055904388428	0.0	0.0	0.0	0.0	0.0	0.029983188956975937	0.0	0.0	0.0	0.18370112776756287	0.0	0.0	0.0	0.0	0.05135292932391167	0.29577872157096863	0.0	0.0	0.0	0.0	0.0	0.018763964995741844	0.36572420597076416	0.0	0.26072558760643005	0.027361584827303886	0.1959000825881958	0.0	0.0	0.056336309760808945	0.00912552885711193	0.06051943451166153	0.0	0.0	0.0	0.0	0.0	0.0	0.1335899978876114	0.0	0.0	0.034750763326883316	0.0	0.0	0.0	0.0	0.0	0.0	0.0	0.22892442345619202
2016-04-03 11:00:00	0.0	0.0	0.03478304296731949	0.2808370292186737	0.0	0.20182344317436218	0.0	0.0	0.0	0.0	0.11790120601654053	0.0	0.0	0.05850460007786751	0.0	0.0	0.0	0.0	0.0	0.02290193736553192	0.0	0.0	0.0	0.15266641974449158	0.0	0.0	0.0	0.0	0.044701021164655685	0.2647396922111511	0.0	0.0	0.0	0.0	0.0	0.03123152256011963	0.31818968057632446	0.0	0.2024226188659668	0.015589835122227669	0.1730659306049347	0.0	0.0	0.036842480301856995	0.01729569211602211	0.053558409214019775	0.0	0.0	0.0	0.0	0.0	0.0	0.11574167013168335	0.0	0.0	0.029891546815633774	0.0	0.0	0.0	0.0	0.0	0.0	0.0	0.17819960415363312
2016-04-03 12:00:00	0.0	0.0	0.021270278841257095	0.20437216758728027	0.0	0.14285939931869507	0.0	0.0	0.0	0.0	0.08042950928211212	0.0	0.0	0.04605492204427719	0.0	0.0	0.0	0.0	0.0	0.01849661022424698	0.0	0.0	0.0	0.1014072448015213	0.0	0.0	0.0	0.0	0.03500586748123169	0.1978718489408493	0.0	0.0	0.0	0.0	0.0	0.03261671960353851	0.23045797646045685	0.0	0.11283382773399353	0.0	0.12462665140628815	0.0	0.0	0.009191110730171204	0.016599498689174652	0.04389071837067604	0.0	0.0	0.0	0.0	0.0	0.0	0.09416992962360382	0.0	0.0	0.022412437945604324	0.0	0.0	0.0	0.0	0.0	0.0	0.0	0.11194273084402084
2016-04-03 13:00:00	0.0	0.0	0.011820361018180847	0.1391521543264389	0.0	0.08735477179288864	0.0	0.0	0.0	0.0	0.052311137318611145	0.0	0.0	0.0291935782879591	0.0	0.0	0.0	0.0	0.0	0.017232593148946762	0.0	0.0	0.0	0.057517215609550476	0.0	0.0	0.0	0.0	0.023600563406944275	0.12056484818458557	0.0	0.0	0.0	0.0	0.0	0.03403058648109436	0.15167054533958435	0.0	0.040532778948545456	0.0	0.08610737323760986	0.0	0.0	0.0	0.0	0.03395658731460571	0.0	0.0	0.0	0.0	0.0	0.0	0.07617991417646408	0.0	0.0	0.027252834290266037	0.0	0.0	0.0	0.0	0.0	0.0	0.0	0.061475738883018494
2016-04-03 14:00:00	0.0	0.0	0.006962887942790985	0.11598532646894455	0.0	0.0712377205491066	0.0	0.0	0.0	0.0	0.04745309427380562	0.0	0.0	0.028008582070469856	0.0	0.0	0.0	0.0	0.0	0.024825086817145348	0.0	0.0	0.0	0.03785870224237442	0.0	0.0	0.0	0.0	0.019683733582496643	0.08493675291538239	0.0	0.0	0.0	0.0	0.0	0.02760440856218338	0.12421441078186035	0.0	0.016420729458332062	0.0	0.06968379765748978	0.0	0.0	0.0010682083666324615	0.0	0.026228036731481552	0.0	0.0	0.0	0.0	0.0	0.0	0.07711270451545715	0.0	0.0	0.03183647617697716	0.0	0.0	0.0	0.0	0.0	0.0	0.0	0.0512872077524662
2016-04-03 15:00:00	0.0	0.0	0.01732443831861019	0.15319965779781342	0.0	0.09722425043582916	0.0	0.0	0.0	0.0	0.08576858043670654	0.0	0.0	0.03915388137102127	0.0	0.0	0.0	0.0	0.0	0.023159272968769073	0.0	0.0	0.0	0.07011117041110992	0.0	0.0	0.0	0.0	0.023387361317873	0.10361725091934204	0.0	0.0	0.0	0.0	0.0	0.017897650599479675	0.19456607103347778	0.0	0.07772515714168549	0.0	0.0921921581029892	0.0	0.0	0.015807833522558212	0.0	0.041579898446798325	0.0	0.0	0.0	0.0	0.0	0.0	0.08427143841981888	0.0	0.0	0.02108318731188774	0.0	0.0	0.0	0.0	0.0	0.0	0.0	0.090762659907341
2016-04-03 16:00:00	0.0	0.0	0.06312593817710876	0.2805330753326416	0.0	0.20430511236190796	0.0	0.0	0.0	0.0	0.08939960598945618	0.0	0.0	0.05926632508635521	0.0	0.0	0.0	0.0	0.0	0.0017501190304756165	0.0	0.0	0.0	0.14048919081687927	0.0	0.0	0.0	0.0	0.037902459502220154	0.2715319097042084	0.0	0.0	0.0	0.0	0.0	0.04055219516158104	0.38185399770736694	0.0	0.2649071216583252	0.0	0.18995752930641174	0.0	0.0	0.07943599671125412	0.042088981717824936	0.12936528027057648	0.0	0.0	0.0	0.0	0.0	0.0	0.13386644423007965	0.0	0.0	0.007068756967782974	0.0	0.01630251109600067	0.0	0.0	0.0	0.0	0.0	0.1640361100435257
2016-04-03 17:00:00	0.0	0.0	0.09076964855194092	0.31838560104370117	0.0	0.19938631355762482	0.0	0.0	0.0	0.0	0.07042954862117767	0.0	0.0	0.06758284568786621	0.0	0.0	0.0	0.0	0.0	0.009440156631171703	0.0	0.0	0.0	0.1666814088821411	0.0	0.0	0.0	0.0	0.04665438085794449	0.3070819079875946	0.0	0.0	0.0	0.0	0.0	0.03805595263838768	0.4098118543624878	0.0	0.30961260199546814	0.0	0.19807462394237518	0.0	0.0	0.07135512679815292	0.03665021434426308	0.14111343026161194	0.0	0.0	0.0	0.0	0.0	0.0	0.15720562636852264	0.0	0.0	0.0	0.0	0.0	0.0	0.0	0.0	0.0	0.0	0.17151829600334167
2016-04-03 18:00:00	0.0	0.0	0.08483608812093735	0.2882484793663025	0.0	0.16394667327404022	0.0	0.0	0.0	0.0	0.06085055321455002	0.0	0.0	0.060960620641708374	0.0	0.0	0.0	0.0	0.0	0.017522364854812622	0.0	0.0	0.0	0.15237876772880554	0.0	0.0	0.0	0.0	0.04541739448904991	0.2892398536205292	0.0	0.0	0.0	0.0	0.0	0.0313829630613327	0.3637097477912903	0.0	0.29526007175445557	0.0	0.1743171513080597	0.0	0.0	0.06411884725093842	0.02165255695581436	0.13496901094913483	0.0	0.0	0.0	0.0	0.0	0.0	0.15613953769207	0.0	0.0	0.0	0.0	0.0	0.0	0.0	0.0	0.0	0.0	0.15666702389717102
2016-04-03 19:00:00	0.0	0.0	0.08993677794933319	0.2970093786716461	0.0	0.1540176123380661	0.0	0.0	0.0	0.0	0.05508066713809967	0.0	0.0	0.06394651532173157	0.0	0.0	0.0	0.0	0.0	0.024198215454816818	0.0	0.0	0.0	0.15797960758209229	0.0	0.0	0.0	0.0	0.047071658074855804	0.304675430059433	0.0	0.0	0.0	0.0	0.0	0.028452174738049507	0.360251784324646	0.0	0.31605926156044006	0.0	0.1656874120235443	0.0	0.0	0.06492769718170166	0.01821938529610634	0.13708241283893585	0.0	0.0	0.0	0.0	0.0	0.0	0.167166605591774	0.0	0.0	0.0	0.0	0.0	0.0	0.0	0.0	0.0	0.0	0.16615116596221924
2016-04-03 20:00:00	0.0	0.0	0.10008693486452103	0.3173907995223999	0.0	0.14584630727767944	0.0	0.0	0.0	0.0	0.04852364584803581	0.0	0.0	0.06545349210500717	0.0	0.0	0.0	0.0	0.0	0.029665764421224594	0.0	0.0	0.0	0.1684635877609253	0.0	0.0	0.0	0.0	0.04782049357891083	0.3228922486305237	0.0	0.0	0.0	0.0	0.0	0.03398825600743294	0.3712133765220642	0.0	0.3475038409233093	0.0	0.15855740010738373	0.0	0.0	0.06524933874607086	0.015155933797359467	0.13539333641529083	0.0	0.0	0.0	0.0	0.0	0.0	0.1755906641483307	0.0	0.0	0.0	0.0	0.0	0.0	0.0	0.0	0.0	0.0	0.17987020313739777
2016-04-03 21:00:00	0.0	0.0	0.09674608707427979	0.3072260022163391	0.0	0.13675545156002045	0.0	0.0	0.0	0.0	0.047293923795223236	0.0	0.0	0.05946630612015724	0.0	0.0	0.0	0.0	0.0	0.032076261937618256	0.0	0.0	0.0	0.16785165667533875	0.0	0.0	0.0	0.0	0.04586686193943024	0.3158184587955475	0.0	0.0	0.0	0.0	0.0	0.029263466596603394	0.3562730550765991	0.0	0.3470895290374756	0.0	0.15391148626804352	0.0	0.0	0.06413424015045166	0.009247645735740662	0.13528461754322052	0.0	0.0	0.0	0.0	0.0	0.0	0.17423446476459503	0.0	0.0	0.0	0.0	0.0	0.0	0.0	0.0	0.0	0.0	0.17945358157157898
2016-04-03 22:00:00	0.0	0.0	0.09250207245349884	0.29055216908454895	0.0	0.13347560167312622	0.0	0.0	0.0	0.0	0.04820192977786064	0.0	0.0	0.05594196915626526	0.0	0.0	0.0	0.0	0.0	0.02986137568950653	0.0	0.0	0.0	0.16029587388038635	0.0	0.0	0.0	0.0	0.03972537815570831	0.30024829506874084	0.0	0.0	0.0	0.0	0.0	0.02044575847685337	0.33784765005111694	0.0	0.3346428871154785	0.0	0.152158722281456	0.0	0.0	0.0710289478302002	0.004519328474998474	0.14104214310646057	0.0	0.0	0.0	0.0	0.0	0.0	0.1709076315164566	0.0	0.0	0.0	0.0	0.0	0.0	0.0	0.0	0.0	0.0	0.17752999067306519
2016-04-03 23:00:00	0.0	0.0	0.08912898600101471	0.2871072590351105	0.0	0.12747836112976074	0.0	0.0	0.0	0.0	0.043807052075862885	0.0	0.0	0.05283062160015106	0.0	0.0	0.0	0.0	0.0	0.03197401016950607	0.0	0.0	0.0	0.15743669867515564	0.0	0.0	0.0	0.0	0.0349702425301075	0.3108348846435547	0.0	0.0	0.0	0.0	0.0	0.016785936430096626	0.32422542572021484	0.0	0.3460090756416321	0.0	0.14395757019519806	0.0	0.0	0.07799508422613144	0.0021246373653411865	0.1446392834186554	0.0	0.0	0.0	0.0	0.0	0.0	0.1748831570148468	0.0	0.0	0.0	0.0	0.0	0.0	0.0	0.0	0.0	0.0	0.18685373663902283
2016-04-04 00:00:00	0.0	0.0	0.07328315079212189	0.2511017620563507	0.0	0.12360577285289764	0.0	0.0	0.0	0.0	0.06279399245977402	0.0	0.0	0.04863332211971283	0.0	0.0	0.0	0.0	0.0	0.027084071189165115	0.0	0.0	0.0	0.1440150886774063	0.0	0.0	0.0	0.0	0.03278591111302376	0.24675217270851135	0.0	0.0	0.0	0.0	0.0	0.01180989295244217	0.2963411211967468	0.0	0.2816782295703888	0.0	0.14565852284431458	0.016919538378715515	0.0	0.052549123764038086	0.0	0.11486809700727463	0.0	0.0	0.0	0.0	0.0	0.0	0.14294767379760742	0.0	0.0	0.0	0.0	0.0	0.0	0.0	0.0	0.0	0.0	0.14865338802337646
2016-04-04 01:00:00	0.0	0.0	0.07774829864501953	0.2543221414089203	0.0	0.11673609912395477	0.0	0.0	0.0	0.0	0.03488946706056595	0.0	0.0	0.049038536846637726	0.0	0.0	0.0	0.0	0.0	0.02991337701678276	0.0	0.0	0.0	0.13606077432632446	0.0	0.0	0.0	0.0	0.03765878826379776	0.29178380966186523	0.0	0.0	0.0	0.0	0.0	0.01903645694255829	0.2807829976081848	0.0	0.30501604080200195	0.0	0.12493044137954712	0.00886736810207367	0.0	0.06799396872520447	0.003772323951125145	0.12353888154029846	0.0	0.0	0.0	0.0	0.0	0.0	0.15823474526405334	0.0	0.0	0.0	0.0	0.0	0.0	0.0	0.0	0.0	0.0	0.16477373242378235
2016-04-04 02:00:00	0.0	0.0	0.07798677682876587	0.26239803433418274	0.0	0.12160453200340271	0.0	0.0	0.0	0.0	0.03823954612016678	0.0	0.0	0.04971536621451378	0.0	0.0	0.0	0.0	0.0	0.02956944704055786	0.0	0.0	0.0	0.14576846361160278	0.0	0.0	0.0	0.0	0.03349136561155319	0.30417656898498535	0.0	0.0	0.0	0.0	0.0	0.011600727215409279	0.2800690829753876	0.0	0.3194139003753662	0.0	0.12459458410739899	0.007300984114408493	0.0	0.07171490788459778	0.0031487829983234406	0.12532000243663788	0.0	0.0	0.0	0.0	0.0	0.0	0.16125252842903137	0.0	0.0	0.0	0.0	0.0	0.0	0.0	0.0	0.0	0.0	0.18245059251785278
2016-04-04 03:00:00	0.0	0.0	0.07060308754444122	0.25838521122932434	0.0	0.12484212219715118	0.0	0.0	0.0	0.0	0.05866244062781334	0.0	0.0	0.04601418972015381	0.0	0.0	0.0	0.0	0.0	0.025487661361694336	0.0	0.0	0.0	0.1537923812866211	0.0	0.0	0.0	0.0	0.0271754190325737	0.27598536014556885	0.0	0.0	0.0	0.0	0.0	0.006716922391206026	0.29049402475357056	0.0	0.3056908845901489	0.0	0.13612613081932068	0.006378985941410065	0.0	0.06344994902610779	0.0	0.11811091005802155	0.0	0.0	0.0	0.0	0.0	0.0	0.14703136682510376	0.0	0.0	0.0	0.0	0.0	0.0	0.0	0.0	0.0	0.0	0.17954231798648834
2016-04-04 04:00:00	0.0	0.0	0.06380054354667664	0.24153146147727966	0.0	0.12444348633289337	0.0	0.0	0.0	0.0	0.07109491527080536	0.0	0.0	0.044388215988874435	0.0	0.0	0.0	0.0	0.0	0.023086663335561752	0.0	0.0	0.0	0.14361673593521118	0.0	0.0	0.0	0.0	0.020426535978913307	0.23698905110359192	0.0	0.0	0.0	0.0	0.0	0.005592577625066042	0.2800474166870117	0.0	0.26379817724227905	0.0	0.13960124552249908	0.010686427354812622	0.0	0.05663272365927696	0.0	0.10705456137657166	0.0	0.0	0.0	0.0	0.0	0.0	0.1307913213968277	0.0	0.0	0.0	0.0	0.0	0.0	0.0	0.0	0.0	0.0	0.16171444952487946
2016-04-04 05:00:00	0.0	0.0	0.052051130682229996	0.21478888392448425	0.0	0.12472057342529297	0.0	0.0	0.0	0.0	0.09238462150096893	0.0	0.0	0.04112224653363228	0.0	0.0	0.0	0.0	0.0	0.015618688426911831	0.0	0.0	0.0	0.1325794905424118	0.0	0.0	0.0	0.0	0.01823953352868557	0.1935638189315796	0.0	0.0	0.0	0.0	0.0	0.007044908124953508	0.2742183208465576	0.0	0.21808674931526184	0.0	0.13934025168418884	0.006561338901519775	0.0	0.05174712464213371	0.0	0.10018812119960785	0.0	0.0	0.0	0.0	0.0	0.0	0.10724759101867676	0.0	0.0	0.0	0.0	0.0	0.0	0.0	0.0	0.0	0.0	0.14192821085453033
2016-04-04 06:00:00	0.0	0.0	0.049069881439208984	0.20083969831466675	0.0	0.1286901831626892	0.0	0.0	0.0	0.0	0.1175309345126152	0.0	0.0	0.05405615642666817	0.0	0.0	0.0	0.0	0.0	0.015546542592346668	0.0	0.0	0.0	0.123176209628582	0.0	0.0	0.0	0.0	0.03342805057764053	0.15654140710830688	0.0	0.0	0.0	0.0	0.0	0.008131500333547592	0.27662476897239685	0.0	0.1702236533164978	0.0	0.13445785641670227	0.0	0.0	0.037599168717861176	0.0	0.09031261503696442	0.0	0.0	0.0	0.0	0.0	0.0	0.09301292896270752	0.0	0.0	0.0	0.0	0.0	0.0	0.0	0.0	0.0	0.0	0.1286347210407257
2016-04-04 07:00:00	0.0	0.0	0.052049070596694946	0.13974303007125854	0.0	0.0850498378276825	0.0	0.0	0.0	0.0	0.10387833416461945	0.0	0.0	0.04529324546456337	0.0	0.0	0.0	0.0	0.0	0.012995226308703423	0.0	0.0	0.0	0.08324228227138519	0.0	0.0	0.0	0.0	0.03133409470319748	0.04137912392616272	0.0	0.0	0.0	0.0	0.0	0.008301066234707832	0.19284486770629883	0.0	0.04572518914937973	0.002508370205760002	0.07704584300518036	0.0	0.0	0.019975263625383377	0.0	0.0466441884636879	0.0	0.0	0.0	0.0	0.0	0.0	0.05977826565504074	0.0	0.0	0.0	0.0	0.0	0.0	0.0	0.0	0.0	0.0	0.09404953569173813
2016-04-04 08:00:00	0.0	0.0	0.01983105204999447	0.03899001330137253	0.0	0.022980881854891777	0.0	0.0	0.0	0.0	0.03300987184047699	0.0	0.0	0.007706558331847191	0.0	0.0	0.0	0.0	0.0	0.0	0.0	0.0	0.0	0.019462019205093384	0.0	0.0	0.0	0.0	0.0	0.0	0.0	0.0	0.0	0.0	0.0	0.00016593839973211288	0.04001868516206741	0.0	0.0	0.0	0.016333837062120438	0.0	0.0813770666718483	0.0059432219713926315	0.0	0.007917806506156921	0.0	0.0	0.0	0.0	0.0	0.0	0.01541421189904213	0.0	0.0	0.0	0.0	0.0	0.0	0.0	0.0	0.0	0.0	0.028161674737930298
2016-04-04 09:00:00	0.0	0.0	0.0	0.0	0.0	0.001017153263092041	0.0	0.0	0.0	0.0	0.0	0.0	0.0	0.0	0.0	0.0	0.0	0.0	0.0	0.0	0.0	0.0	0.0	0.0	0.0	0.0	0.0	0.0	0.0	0.0	0.0	0.0	0.0	0.0	0.0	0.0	0.0	0.0	0.0	0.0	0.015397515147924423	0.0	0.1592802256345749	0.0	0.0	0.0	0.0	0.0	0.0	0.0	0.0	0.0	0.0	0.0	0.0	0.0	0.0	0.0	0.0	0.0	0.0	0.0	0.0	0.0
2016-04-04 10:00:00	0.0	0.0	0.0	0.0	0.016373177990317345	0.01901571825146675	0.0	0.0	0.0	0.0	0.0	0.0	0.0	0.0	0.0	0.0	0.0	0.0	0.0	0.0	0.0	0.0	0.0	0.0	0.0	0.0	0.0	0.0	0.0	0.0	0.0	0.0	0.0	0.0	0.0	0.0	0.0	0.0	0.0	0.0	0.02638009563088417	0.0	0.16006165742874146	0.0	0.0	0.0	0.0	0.0	0.0	0.0	0.0	0.0	0.0	0.0	0.0	0.0	0.0	0.0	0.0	0.0	0.0	0.0	0.0	0.0
2016-04-04 11:00:00	0.0	0.0	0.0	0.0	0.06482336670160294	0.031379494816064835	0.0	0.0	0.0	0.0	0.0	0.0	0.0	0.0	0.0	0.0	0.0	0.0	0.0	0.0	0.0	0.0	0.0	0.0	0.0	0.0	0.0	0.0	0.0	0.0	0.0	0.0	0.0	0.0	0.0	0.0	0.0	0.0	0.0	0.0	0.031281087547540665	0.0	0.13252170383930206	0.0	0.0	0.0	0.0	0.0	0.0	0.0	0.0	0.0	0.0065488629043102264	0.0	0.0	0.0	0.0	0.0	0.0	0.0	0.0	0.0	0.0	0.0
2016-04-04 12:00:00	0.0	0.0	0.0	0.0	0.0824323445558548	0.030397731810808182	0.0	0.0	0.0	0.0	0.0	0.0	0.0	0.0	0.0	0.0	0.0	0.0	0.0	0.0	0.0	0.0	0.0	0.0	0.0	0.0	0.0	0.0	0.0	0.0	0.0	0.0	0.0	0.0	0.0	0.0	0.0	0.0	0.0	0.0	0.03092697635293007	0.0	0.11513548344373703	0.0	0.0	0.0	0.0	0.0	0.0	0.0	0.0	0.0	0.005875304341316223	0.0	0.0	0.0	0.0	0.0	0.0	0.0	0.0	0.0	0.0	0.0
2016-04-04 13:00:00	0.0	0.0	0.0	0.0	0.08679606020450592	0.02794165164232254	0.0	0.0	0.0	0.0	0.0	0.0	0.0	0.0	0.0	0.0	0.0	0.0	0.0	0.0	0.0	0.0	0.0	0.0	0.0	0.0	0.0	0.0	0.0	0.0	0.0	0.0	0.0	0.0	0.0	0.0	0.0	0.0	0.0	0.0	0.026280099526047707	0.0	0.11194940656423569	0.0	0.0	0.0	0.0	0.0	0.0	0.0	0.0	0.0	0.0017665289342403412	0.0	0.0	0.0	0.0	0.0	0.0	0.0	0.0	0.0	0.0	0.0
2016-04-04 14:00:00	0.0	0.0	0.0	0.0	0.07948872447013855	0.024145502597093582	0.0	0.0	0.0	0.0	0.0	0.0	0.0	0.0	0.0	0.0	0.0	0.0	0.0	0.0	0.0	0.0	0.0	0.0	0.0	0.0	0.0	0.0	0.0	0.0	0.0	0.0	0.0	0.0	0.0	0.0	0.0	0.0	0.0	0.0	0.018112458288669586	0.0	0.12326519191265106	0.0	0.0	0.0	0.0	0.0	0.0	0.0	0.0	0.0	0.0	0.0	0.0	0.0	0.0	0.0	0.0	0.0	0.0	0.0	0.0	0.0
2016-04-04 15:00:00	0.0	0.0	0.0	0.0	0.0800858810544014	0.032067034393548965	0.0	0.0	0.0	0.0	0.0	0.0	0.0	0.0	0.0	0.0	0.0	0.0	0.0	0.0	0.0	0.0	0.0	0.0	0.0	0.0	0.0	0.0	0.0	0.0	0.0	0.0	0.0	0.0	0.0	0.0	0.0	0.0	0.0	0.0	0.007871124893426895	0.0	0.1325768083333969	0.0	0.0	0.0	0.0	0.0	0.0	0.0	0.0	0.0	0.0012642554938793182	0.0	0.0	0.0	0.0	0.0	0.0	0.0	0.0	0.0	0.0	0.0
2016-04-04 16:00:00	0.0	0.0	0.0	0.01699843257665634	0.06907235831022263	0.028515711426734924	0.0	0.0	0.0	0.0	0.0	0.0	0.0	0.0	0.0	0.0	0.0	0.0	0.0	0.010295616462826729	0.0	0.0	0.0	0.00014804303646087646	0.0	0.0	0.0	0.0	0.0	0.0	0.0	0.0	0.0	0.0	0.0	0.0	0.0	0.0	0.0	0.0	0.0008527152240276337	0.0	0.1428901106119156	0.00014258548617362976	0.0	0.0	0.0	0.0	0.0	0.0	0.0	0.0	0.011171657592058182	0.0	0.0	0.0	0.0	0.0	0.0	0.0	0.0	0.0	0.0	0.0
2016-04-04 17:00:00	0.0	0.0	0.0	0.027407824993133545	0.05018558353185654	0.02309390716254711	0.0	0.0	0.0	0.0	0.0	0.0	0.0	0.00026101619005203247	0.0	0.0	0.0	0.0	0.0	0.019537949934601784	0.0	0.0	0.0	0.008794810622930527	0.0	0.0	0.0	0.0	0.0	0.0	0.0	0.0	0.0	0.0	0.0	0.0032761720940470695	0.0	0.0	0.0	0.0	0.00014266744256019592	0.0	0.14886519312858582	0.0	0.0	0.0	0.0	0.0	0.0	0.0	0.0	0.0	0.01814693957567215	0.0	0.0	0.0	0.0	0.0	0.0	0.0	0.0	0.0	0.0	0.0
2016-04-04 18:00:00	0.0	0.0	0.0	0.0	0.007709819823503494	0.0	0.0	0.0	0.0	0.0	0.0	0.0	0.0	0.0	0.0	0.0	0.0	0.0	0.0	0.0	0.0	0.0	0.0	0.0	0.0	0.0	0.0	0.0	0.0	0.0	0.0	0.0	0.0	0.0	0.0	0.0	0.0	0.0	0.0	0.0	0.0	0.0	0.19965803623199463	0.0	0.0	0.0	0.0	0.0	0.0	0.0	0.0	0.0	0.005846966058015823	0.0	0.0	0.0	0.0	0.0	0.0	0.0	0.0	0.0	0.0	0.0
2016-04-04 19:00:00	0.0	0.0	0.0	0.0	0.0	0.0	0.0	0.0	0.0	0.0	0.0	0.0	0.0	0.0	0.0	0.0	0.0	0.0	0.0	0.0	0.0	0.0	0.0	0.0	0.0	0.0	0.0	0.0	0.0	0.0	0.0	0.0	0.0	0.0	0.0	0.0	0.0	0.0	0.0	0.0	0.0	0.0	0.23164397478103638	0.0	0.0	0.0	0.0	0.0	0.0	0.0	0.0	0.0	0.0	0.0	0.0	0.0	0.0	0.0	0.0	0.0	0.0	0.0	0.0	0.0
2016-04-04 20:00:00	0.0	0.0	0.0	0.0	0.0	0.0	0.0	0.0	0.0	0.0	0.0	0.0	0.0	0.0	0.0	0.0	0.0	0.0	0.0	0.0	0.0	0.0	0.0	0.0	0.0	0.0	0.0	0.0	0.0	0.0	0.0	0.0	0.0	0.0	0.0	0.0	0.0	0.0	0.0	0.0	0.0	0.0	0.2460947334766388	0.0	0.0	0.0	0.0	0.0	0.0	0.0	0.0	0.0	0.0	0.0	0.0	0.0	0.0	0.0	0.0	0.0	0.0	0.0	0.0	0.0
2016-04-04 21:00:00	0.0	0.0	0.0	0.0	0.0	0.0	0.0	0.0	0.0	0.0	0.0	0.0	0.0	0.0	0.0	0.0	0.0	0.0	0.0	0.0	0.0	0.0	0.0	0.0	0.0	0.0	0.0	0.0	0.0	0.0	0.0	0.0	0.0	0.0	0.0	0.0	0.0	0.0	0.0	0.0	0.0	0.0	0.20436596870422363	0.0	0.0	0.0	0.0	0.0	0.0	0.0	0.0	0.0	0.0	0.0	0.0	0.0	0.0	0.0	0.0	0.0	0.0	0.0	0.0	0.0
2016-04-04 22:00:00	0.0	0.0	0.0	0.0	0.0	0.0	0.0	0.0	0.0	0.0	0.007679397240281105	0.0	0.0	0.0	0.0	0.0	0.0	0.0	0.0	0.0	0.0	0.0	0.0	0.0	0.0	0.0	0.0	0.0	0.0	0.0	0.0	0.0	0.0	0.0	0.0	0.0	0.0018806904554367065	0.0	0.0	0.0	0.017013423144817352	0.0	0.10824518650770187	0.0	0.0	0.02389986626803875	0.0	0.0	0.0	0.0	0.0	0.0	0.013859253376722336	0.0	0.0	0.0	0.0	0.0	0.0	0.0	0.0	0.0	0.0	0.0
2016-04-04 23:00:00	0.0	0.0	0.001014064997434616	0.034701015800237656	0.0	0.02684563770890236	0.0	0.0	0.0	0.0	0.02822829596698284	0.0	0.0	0.0	0.0	0.0	0.0	0.0	0.0	0.00349448062479496	0.0	0.0	0.0	0.0189787819981575	0.0	0.0	0.0	0.0	0.0	0.0	0.0	0.0	0.0	0.0	0.0	0.0018446659669280052	0.05439738929271698	0.0	0.0	0.0	0.03995480015873909	0.0	0.03538106381893158	0.005175163969397545	0.0	0.046446576714515686	0.0	0.0	0.0	0.0	0.0	0.0	0.0325935035943985	0.0	0.0	0.0	0.0	0.0	0.0	0.0	0.0	0.0	0.0	0.0011314377188682556
2016-04-05 00:00:00	0.0	0.0	0.0	0.0	0.0	0.0	0.0	0.0	0.0	0.0	0.0	0.0	0.0	0.0	0.0	0.0	0.0	0.0	0.0	0.0	0.0	0.0	0.0	0.0	0.0	0.0	0.0	0.0	0.0	0.0	0.0	0.0	0.0	0.0	0.0	0.002205497585237026	0.0	0.0	0.0	0.0	0.005466468632221222	0.0	0.11287596076726913	0.0	0.0	0.021177738904953003	0.0	0.0	0.0	0.0	0.0	0.0	0.02358001470565796	0.0	0.0	0.0	0.0	0.0	0.0	0.0	0.0	0.0	0.0	0.0
2016-04-05 01:00:00	0.0	0.0	0.0	0.0	0.0	0.0	0.0	0.0	0.0	0.0	0.0	0.0	0.0	0.0	0.0	0.0	0.0	0.0	0.0	0.0	0.0	0.0	0.0	0.0	0.0	0.0	0.0	0.0	0.0	0.0	0.0	0.0	0.0	0.0	0.0	0.0	0.0	0.0	0.0	0.0	0.0	0.0	0.1504611372947693	0.0	0.0	0.0	0.0	0.0	0.0	0.0	0.0	0.0	0.03051997907459736	0.0	0.0	0.0	0.0	0.0	0.0	0.0	0.0	0.0	0.0	0.0
2016-04-05 02:00:00	0.0	0.0	0.0	0.0058377087116241455	0.0	0.0	0.0	0.0	0.0	0.0	0.0	0.0	0.0	0.006330851465463638	0.0	0.0	0.0	0.0	0.0	0.003861823119223118	0.0	0.0	0.0	0.0	0.0	0.0	0.0	0.0	0.0	0.0	0.0	0.0	0.0	0.0	0.0	0.0	0.0	0.0	0.0	0.0	0.0	0.0	0.15704184770584106	0.0	0.0	0.0	0.0	0.0	0.0	0.0	0.0	0.0	0.032176673412323	0.0	0.0	0.0	0.0	0.0	0.0	0.0	0.0	0.0	0.0	0.0
2016-04-05 03:00:00	0.0	0.0	0.004861544817686081	0.00887317955493927	0.0	0.0	0.0	0.0	0.0	0.0	0.0	0.0	0.0	0.003961663693189621	0.0	0.0	0.0	0.0	0.0	0.00978639256209135	0.0	0.0	0.0	0.0	0.0	0.0	0.0	0.0	0.0	0.0	0.0	0.0	0.0	0.0	0.0	0.0	0.0	0.0	0.0	0.0	0.0	0.0	0.15604296326637268	0.0	0.0	0.0	0.0	0.0	0.0	0.0	0.0	0.0	0.03337820991873741	0.0	0.0	0.0	0.0	0.0	0.0	0.0	0.0	0.0	0.0	0.0
2016-04-05 04:00:00	0.0	0.0	0.0	0.0	0.0	0.0	0.0	0.0	0.0	0.0	0.0	0.0	0.0	0.0	0.0	0.0	0.0	0.0	0.0	0.0	0.0	0.0	0.0	0.0	0.0	0.0	0.0	0.0	0.0	0.0	0.0	0.0	0.0	0.0	0.0	0.0	0.0	0.0	0.0	0.0	0.0	0.0	0.19107070565223694	0.0	0.0	0.0	0.0	0.0	0.0	0.0	0.0	0.0	0.01611422374844551	0.0	0.0	0.0	0.0	0.0	0.0	0.0	0.0	0.0	0.0	0.0
2016-04-05 05:00:00	0.0	0.0	0.0	0.0	0.0	0.0	0.0	0.0	0.0	0.0	0.0	0.0	0.0	0.0	0.0	0.0	0.0	0.0	0.0	0.0	0.0	0.0	0.0	0.0	0.0	0.0	0.0	0.0	0.0	0.0	0.0	0.0	0.0	0.0	0.0	0.0	0.0	0.0	0.0	0.0	0.0	0.0	0.21003998816013336	0.0	0.0	0.0	0.0	0.0	0.0	0.0	0.0	0.0	0.006237752735614777	0.0	0.0	0.0	0.0	0.0	0.0	0.0	0.0	0.0	0.0	0.0
2016-04-05 06:00:00	0.0	0.0	0.0	0.0	0.0	0.0	0.0	0.0	0.0	0.0	0.0	0.0	0.0	0.0	0.0	0.0	0.0	0.0	0.0	0.0	0.0	0.0	0.0	0.0	0.0	0.0	0.0	0.0	0.0	0.0	0.0	0.0	0.0	0.0	0.0	0.0	0.0	0.0	0.0	0.0	0.0	0.0	0.218077152967453	0.0	0.0	0.0	0.0	0.0	0.0	0.0	0.0	0.0	0.0	0.0	0.0	0.0	0.0	0.0	0.0	0.0	0.0	0.0	0.0	0.0
2016-04-05 07:00:00	0.0	0.0	0.0	0.0	0.0	0.0	0.0	0.0	0.0	0.0	0.0	0.0	0.0	0.0	0.0	0.0	0.0	0.0	0.0	0.0	0.0	0.0	0.0	0.0	0.0	0.0	0.0	0.0	0.0	0.0	0.0	0.0	0.0	0.0	0.0	0.0	0.0	0.0	0.0	0.0	0.0	0.0	0.23631392419338226	0.0	0.0	0.0	0.0	0.0	0.0	0.0	0.0	0.0	0.0	0.0	0.0	0.0	0.0	0.0	0.0	0.0	0.0	0.0	0.0	0.0
2016-04-05 08:00:00	0.0	0.0	0.0	0.0	0.0	0.0	0.0	0.0	0.0	0.0	0.0	0.0	0.0	0.0	0.0	0.0	0.0	0.0	0.0	0.0	0.0	0.0	0.0	0.0	0.0	0.0	0.0	0.0	0.0	0.0	0.0	0.0	0.0	0.0	0.0	0.0	0.0	0.0	0.0	0.0	0.0	0.0	0.2357800006866455	0.0	0.0	0.0	0.0	0.0	0.0	0.0	0.0	0.0	0.0	0.0	0.0	0.0	0.0	0.0	0.0	0.0	0.0	0.0	0.0	0.0
