2017-05-04 02:00:00	0.09777447581291199 0.0932604968547821 0.09352461993694305 0.09679649770259857 0.09057950973510742 0.11657309532165527 0.0899808257818222
2018-09-16 21:00:00	0.1081223413348198 0.10116326063871384 0.09955176711082458 0.10027745366096497 0.09994276612997055 0.12166768312454224 0.09863504022359848
2018-06-07 03:00:00	0.1552324891090393 0.13875794410705566 0.13097499310970306 0.13479940593242645 0.13013781607151031 0.14566980302333832 0.1278805285692215
2018-07-15 17:00:00	0.1550951600074768 0.13956084847450256 0.13957172632217407 0.15020599961280823 0.14383584260940552 0.1729767918586731 0.1553879678249359
2018-06-02 05:00:00	0.1948918253183365 0.1896410435438156 0.17752403020858765 0.2017708420753479 0.19144809246063232 0.22170837223529816 0.18396413326263428
2018-07-02 03:00:00	0.10595361143350601 0.10128742456436157 0.10144427418708801 0.09730377048254013 0.0974358469247818 0.11554254591464996 0.09775853902101517
2016-06-09 09:00:00	0.14488226175308228 0.1453980952501297 0.12992551922798157 0.13987836241722107 0.14433227479457855 0.16885557770729065 0.14929509162902832
2017-04-25 02:00:00	0.11966200917959213 0.12084084004163742 0.11344679445028305 0.11733400076627731 0.10528423637151718 0.13767899572849274 0.10478949546813965
2018-01-03 14:00:00	0.1477082371711731 0.14005708694458008 0.13310563564300537 0.14293339848518372 0.13789807260036469 0.15812356770038605 0.1305384337902069
2018-02-10 13:00:00	0.5624735951423645 0.5120706558227539 0.4070417881011963 0.46362030506134033 0.4106811583042145 0.4563634991645813 0.3697064518928528
2016-09-17 02:00:00	0.15714898705482483 0.14366228878498077 0.1466386467218399 0.1571567952632904 0.14523589611053467 0.1616763323545456 0.1387994885444641
2017-07-03 07:00:00	0.26974791288375854 0.24871891736984253 0.22582317888736725 0.2546672821044922 0.24447762966156006 0.24245864152908325 0.19422899186611176
2017-10-02 04:00:00	0.18855753540992737 0.17833897471427917 0.1581753045320511 0.17649957537651062 0.16502121090888977 0.19891920685768127 0.17034655809402466
2016-08-05 15:00:00	0.10062611848115921 0.09751769155263901 0.09578939527273178 0.10389766097068787 0.0987589955329895 0.12475967407226562 0.09272566437721252
2017-10-02 12:00:00	0.11469297111034393 0.10808338224887848 0.10898569226264954 0.11593169718980789 0.11354616284370422 0.13225825130939484 0.1033683568239212
2017-09-12 00:00:00	0.3647722005844116 0.31959912180900574 0.28836750984191895 0.33277371525764465 0.30508866906166077 0.3552013039588928 0.28978291153907776
2018-09-03 08:00:00	0.08129289746284485 0.07972865551710129 0.08132915198802948 0.07505542039871216 0.07556010782718658 0.09685936570167542 0.0770128071308136
2018-02-02 12:00:00	0.434681236743927 0.3980216979980469 0.3608601689338684 0.4324885606765747 0.40571609139442444 0.43013161420822144 0.3644527494907379
2018-11-24 12:00:00	0.15113183856010437 0.14080752432346344 0.13117997348308563 0.1396738588809967 0.13151128590106964 0.16577176749706268 0.13637132942676544
2017-12-10 11:00:00	0.3581678867340088 0.31073063611984253 0.2800646424293518 0.31446564197540283 0.29907694458961487 0.31656235456466675 0.25016579031944275
2018-06-21 14:00:00	0.1089794859290123 0.10900010913610458 0.11045046150684357 0.11215157061815262 0.10759492963552475 0.13727892935276031 0.10539635270833969
2018-08-14 08:00:00	0.13591347634792328 0.11909081041812897 0.11993776261806488 0.1352619230747223 0.13710233569145203 0.17178967595100403 0.1295146942138672
2017-01-23 22:00:00	0.49001067876815796 0.44413450360298157 0.34604957699775696 0.4015657305717468 0.35559624433517456 0.41600823402404785 0.3217616677284241
2017-08-21 07:00:00	0.10851764678955078 0.11578474938869476 0.10915765166282654 0.10842911899089813 0.10761642456054688 0.13009175658226013 0.09931513667106628
2016-04-10 20:00:00	0.39444196224212646 0.32902443408966064 0.30348268151283264 0.3509846329689026 0.32227152585983276 0.3567720353603363 0.28775259852409363
2018-10-01 22:00:00	0.33093440532684326 0.265537291765213 0.2672252655029297 0.29962044954299927 0.2874910235404968 0.2651851773262024 0.25228795409202576
2017-12-18 20:00:00	0.3382967710494995 0.2851583659648895 0.27591925859451294 0.31851857900619507 0.30466705560684204 0.31040751934051514 0.27007901668548584
2017-09-20 00:00:00	0.2661430835723877 0.25762686133384705 0.23300978541374207 0.2689688205718994 0.24314287304878235 0.2718042731285095 0.22882306575775146
2017-04-05 04:00:00	0.1073518842458725 0.10595539212226868 0.10035001486539841 0.10298246145248413 0.09427867829799652 0.12345608323812485 0.09624028950929642
2018-06-09 09:00:00	0.3718370795249939 0.3327987790107727 0.28338706493377686 0.34095877408981323 0.3148045241832733 0.37192651629447937 0.2901562750339508
2018-10-06 03:00:00	0.28303855657577515 0.2723391354084015 0.24552756547927856 0.2884254455566406 0.26387518644332886 0.31403255462646484 0.26091262698173523
2018-08-15 04:00:00	0.1037621796131134 0.09886139631271362 0.09898760914802551 0.09836356341838837 0.09665714204311371 0.11727443337440491 0.09559131413698196
2017-03-01 12:00:00	0.42023253440856934 0.37745535373687744 0.32699406147003174 0.3864312767982483 0.35405176877975464 0.4174220561981201 0.3219079375267029
2016-06-03 08:00:00	0.20332300662994385 0.20041169226169586 0.16710074245929718 0.18555216491222382 0.18166843056678772 0.18361595273017883 0.1548822522163391
2018-02-15 03:00:00	0.5155014991760254 0.47464537620544434 0.3732428550720215 0.4223073124885559 0.3733450770378113 0.42057257890701294 0.33650508522987366
2016-06-28 07:00:00	0.285092294216156 0.2767971456050873 0.2370632290840149 0.2727935016155243 0.2660589814186096 0.2648826837539673 0.19726982712745667
2017-01-08 15:00:00	0.11078150570392609 0.1082996055483818 0.10521429777145386 0.10494749248027802 0.11040530353784561 0.11848495900630951 0.10125149041414261
2017-08-07 17:00:00	0.09392143785953522 0.08915485441684723 0.09025539457798004 0.09094053506851196 0.08784330636262894 0.11133080720901489 0.0870327353477478
2017-06-28 05:00:00	0.23724699020385742 0.2286565750837326 0.1965150237083435 0.21723398566246033 0.21751034259796143 0.2098729908466339 0.17014175653457642
2018-11-05 20:00:00	0.22715578973293304 0.2250748574733734 0.20467039942741394 0.23773923516273499 0.22133281826972961 0.2705535292625427 0.22536522150039673
2018-08-25 10:00:00	0.09246472269296646 0.09823080897331238 0.09161293506622314 0.0960899293422699 0.08835360407829285 0.1222156435251236 0.09238160401582718
2017-12-01 00:00:00	0.5487503409385681 0.5653825402259827 0.5125853419303894 0.6065338850021362 0.5516977310180664 0.5479849576950073 0.5336064696311951
2017-06-30 09:00:00	0.19817349314689636 0.17722168564796448 0.17277345061302185 0.18488222360610962 0.1748112291097641 0.19237658381462097 0.16174671053886414
2016-06-29 06:00:00	0.1494198888540268 0.1455211341381073 0.14279486238956451 0.15594419836997986 0.1447671353816986 0.17782673239707947 0.14518636465072632
2016-07-20 17:00:00	0.10860826820135117 0.10550406575202942 0.10461799800395966 0.1045742779970169 0.10570987313985825 0.12883859872817993 0.10449573397636414
2018-08-08 04:00:00	0.22861996293067932 0.21382567286491394 0.2030101716518402 0.23569080233573914 0.21926981210708618 0.2607113718986511 0.21700668334960938
2016-07-08 02:00:00	0.24564597010612488 0.2192443609237671 0.20858970284461975 0.24106654524803162 0.22092251479625702 0.256663054227829 0.21773874759674072
2017-08-06 07:00:00	0.19913852214813232 0.20330533385276794 0.20256325602531433 0.22942271828651428 0.22646507620811462 0.272990882396698 0.2210898995399475
2018-09-05 20:00:00	0.24282154440879822 0.2253934144973755 0.20557719469070435 0.22716733813285828 0.2259529083967209 0.22106580436229706 0.17958390712738037
2016-06-05 18:00:00	0.2599830627441406 0.20626713335514069 0.21582689881324768 0.23949357867240906 0.22123834490776062 0.23743370175361633 0.218328058719635
2017-05-29 08:00:00	0.2556788921356201 0.25393301248550415 0.2501514256000519 0.28911614418029785 0.27677708864212036 0.3368004560470581 0.27075135707855225
2018-07-07 09:00:00	0.08131684362888336 0.09222335368394852 0.08196519315242767 0.08742260932922363 0.08741233497858047 0.1205541267991066 0.08430208265781403
2017-01-04 07:00:00	0.31941133737564087 0.30821308493614197 0.27254489064216614 0.31000393629074097 0.2802654802799225 0.31281691789627075 0.25865858793258667
2018-04-20 09:00:00	0.11595286428928375 0.10528230667114258 0.11358346045017242 0.11747349053621292 0.11845661699771881 0.14467692375183105 0.11001340299844742
2017-06-30 11:00:00	0.20098477602005005 0.16449016332626343 0.165885329246521 0.18318232893943787 0.17264629900455475 0.2058529108762741 0.17510482668876648
2018-07-21 13:00:00	0.12452132254838943 0.10997988283634186 0.1104293018579483 0.11770623922348022 0.1219470426440239 0.1486613005399704 0.1181020587682724
2018-09-10 17:00:00	0.12284207344055176 0.11438074707984924 0.10982903838157654 0.11694719642400742 0.11005328595638275 0.1308383196592331 0.10394471883773804
2017-08-21 20:00:00	0.1142345517873764 0.10790855437517166 0.10452844202518463 0.10161713510751724 0.10412623733282089 0.11807382851839066 0.10066831856966019
2017-11-08 20:00:00	0.28304705023765564 0.2538956105709076 0.23614704608917236 0.26750773191452026 0.24574002623558044 0.2850339114665985 0.23984596133232117
2016-09-03 21:00:00	0.32386860251426697 0.3061054050922394 0.28300684690475464 0.3375179171562195 0.30592530965805054 0.36907756328582764 0.3079989552497864
2018-04-05 23:00:00	0.16890087723731995 0.15510153770446777 0.14771701395511627 0.16173504292964935 0.1534731537103653 0.17498518526554108 0.15343523025512695
2016-06-10 11:00:00	0.11901646107435226 0.11760082095861435 0.11112283915281296 0.1275273859500885 0.11770115047693253 0.15245643258094788 0.11422672122716904
2016-05-06 11:00:00	0.11943242698907852 0.12374979257583618 0.12697499990463257 0.13254712522029877 0.12302432954311371 0.15199635922908783 0.11451306939125061
2017-04-10 14:00:00	0.1098940521478653 0.10901742428541183 0.10499897599220276 0.10949089378118515 0.10451342165470123 0.12643930315971375 0.10009624809026718
2016-10-04 03:00:00	0.11110145598649979 0.10819882899522781 0.10762987285852432 0.10286565124988556 0.10175950825214386 0.12048867344856262 0.10183420032262802
2016-04-24 19:00:00	0.5087442994117737 0.4627986252307892 0.39165806770324707 0.46770864725112915 0.42521893978118896 0.49754297733306885 0.3674885034561157
2017-11-19 06:00:00	0.3431539535522461 0.3258107006549835 0.2738003730773926 0.3086332678794861 0.28299325704574585 0.3249640166759491 0.26460298895835876
2016-06-19 12:00:00	0.20547178387641907 0.19492791593074799 0.17687475681304932 0.19125089049339294 0.1770806610584259 0.20253024995326996 0.16407975554466248
2016-04-04 23:00:00	0.1269300878047943 0.12817811965942383 0.12335163354873657 0.13230076432228088 0.12016411870718002 0.1499999314546585 0.12048853188753128
2018-12-11 23:00:00	0.1755724549293518 0.17385603487491608 0.15914671123027802 0.1664561927318573 0.15751907229423523 0.16344329714775085 0.13960948586463928
2016-08-23 21:00:00	0.2370520979166031 0.21542805433273315 0.1965951919555664 0.2254583090543747 0.20632025599479675 0.25193852186203003 0.21581099927425385
2016-04-23 16:00:00	0.2744499444961548 0.23948219418525696 0.22558251023292542 0.26076239347457886 0.2406890094280243 0.2945573627948761 0.2546409070491791
2017-10-19 00:00:00	0.18643735349178314 0.18395189940929413 0.17798200249671936 0.20060327649116516 0.19263684749603271 0.2282974123954773 0.18966995179653168
2016-09-24 17:00:00	0.14640671014785767 0.13859690725803375 0.1315741240978241 0.1475803256034851 0.13318563997745514 0.15856872498989105 0.1281137764453888
2016-09-27 22:00:00	0.22217170894145966 0.19795039296150208 0.1870821863412857 0.2140631377696991 0.1928432136774063 0.23317411541938782 0.20849865674972534
2017-04-15 06:00:00	0.23466625809669495 0.20464587211608887 0.19934886693954468 0.21783974766731262 0.20881342887878418 0.1991843730211258 0.1775932013988495
2018-01-24 21:00:00	0.4980013966560364 0.46837443113327026 0.4008190929889679 0.4676206707954407 0.42761924862861633 0.5357401371002197 0.4421443045139313
2017-10-06 06:00:00	0.3177432417869568 0.2718755006790161 0.26353368163108826 0.2960908114910126 0.29108941555023193 0.25159960985183716 0.22262102365493774
2018-02-21 22:00:00	0.3652421534061432 0.353690505027771 0.29551073908805847 0.3212278485298157 0.3009648025035858 0.33918923139572144 0.2801617980003357
2017-01-12 16:00:00	0.33183354139328003 0.2940196692943573 0.2908097207546234 0.33831536769866943 0.31792178750038147 0.36128637194633484 0.31752118468284607
2016-11-26 00:00:00	0.09691374003887177 0.09968085587024689 0.09900657087564468 0.1003238782286644 0.08964885026216507 0.11662383377552032 0.08949211984872818
2017-09-21 13:00:00	0.4027479290962219 0.33604249358177185 0.2983952462673187 0.34132087230682373 0.33301350474357605 0.4040370285511017 0.314983606338501
2018-04-06 02:00:00	0.1161920353770256 0.10807141661643982 0.1041777953505516 0.10764749348163605 0.10177618265151978 0.12186764180660248 0.10125944018363953
2016-07-17 13:00:00	0.36358705163002014 0.3034370243549347 0.2686174213886261 0.3027140498161316 0.2929704785346985 0.3534298241138458 0.2676120102405548
2018-04-22 09:00:00	0.07778371125459671 0.07710932195186615 0.07884874194860458 0.07064130157232285 0.07214687764644623 0.09283807873725891 0.07422849535942078
2018-08-14 16:00:00	0.08425537496805191 0.08193990588188171 0.08342311531305313 0.0787818431854248 0.0784415677189827 0.10025416314601898 0.07936333119869232
2018-12-14 22:00:00	0.31824323534965515 0.31773900985717773 0.2558452785015106 0.28361213207244873 0.250929594039917 0.29661089181900024 0.23682698607444763
2017-06-13 23:00:00	0.15336039662361145 0.14538103342056274 0.1337064504623413 0.13892658054828644 0.14951109886169434 0.16949883103370667 0.13693560659885406
2017-08-22 01:00:00	0.10487319529056549 0.10325407981872559 0.10286026448011398 0.10817413032054901 0.09673958271741867 0.12674084305763245 0.09396839886903763
2018-03-03 21:00:00	0.4969594478607178 0.44647184014320374 0.3915533721446991 0.4671586751937866 0.4280785024166107 0.5020353198051453 0.39072927832603455
2018-10-31 01:00:00	0.1551496684551239 0.1487853229045868 0.138678178191185 0.14654573798179626 0.1277473270893097 0.15530455112457275 0.13337652385234833
2018-01-11 00:00:00	0.20677399635314941 0.20853382349014282 0.17137986421585083 0.18331654369831085 0.16917045414447784 0.20175093412399292 0.1667759120464325
2017-01-09 23:00:00	0.3004274070262909 0.2803013324737549 0.22557762265205383 0.2500231862068176 0.2323673665523529 0.2766259014606476 0.22456052899360657
2018-05-18 21:00:00	0.2860172390937805 0.27840501070022583 0.22688548266887665 0.2492918074131012 0.2237304449081421 0.2610234022140503 0.21376505494117737
2018-04-06 00:00:00	0.1355663239955902 0.12799961864948273 0.12104540318250656 0.12717215716838837 0.1241888776421547 0.14647895097732544 0.1288224458694458
2018-11-07 14:00:00	0.10543832927942276 0.10215810686349869 0.09846220910549164 0.10074231028556824 0.09965183585882187 0.12279126048088074 0.09865286946296692
2017-03-22 21:00:00	0.34246140718460083 0.3298419117927551 0.3006151020526886 0.3598446846008301 0.33140718936920166 0.3967522978782654 0.3246222138404846
2016-11-20 23:00:00	0.18232569098472595 0.18085947632789612 0.15851372480392456 0.1820898950099945 0.16877999901771545 0.2108331322669983 0.16146376729011536
2017-05-03 14:00:00	0.14676927030086517 0.14510300755500793 0.14005783200263977 0.15064777433872223 0.14593999087810516 0.17936459183692932 0.14116062223911285
2017-12-19 22:00:00	0.14520840346813202 0.15344882011413574 0.11841823905706406 0.13511860370635986 0.12541741132736206 0.14857709407806396 0.11826638877391815
2017-07-31 11:00:00	0.2044496238231659 0.20291927456855774 0.2064140886068344 0.2361563742160797 0.22739504277706146 0.28015822172164917 0.21934634447097778
2017-08-23 10:00:00	0.11366839706897736 0.11162077635526657 0.11043600738048553 0.11367267370223999 0.11160349100828171 0.14079824090003967 0.11231935769319534
2017-10-19 17:00:00	0.12897008657455444 0.1237676739692688 0.11801590770483017 0.11983328312635422 0.1171783059835434 0.13220961391925812 0.11151032149791718
2016-06-02 06:00:00	0.30173778533935547 0.24100852012634277 0.24885085225105286 0.2813938856124878 0.26204797625541687 0.2327946126461029 0.21320238709449768
2018-08-18 19:00:00	0.17879082262516022 0.15785041451454163 0.15437547862529755 0.16956186294555664 0.15982362627983093 0.19376519322395325 0.16446389257907867
2017-03-02 23:00:00	0.19051292538642883 0.1913822442293167 0.1678432822227478 0.18651510775089264 0.17969974875450134 0.2040608525276184 0.16532288491725922
2017-07-11 21:00:00	0.15228983759880066 0.14599362015724182 0.12902149558067322 0.13968141376972198 0.13903087377548218 0.15275853872299194 0.12810543179512024
2016-12-24 06:00:00	0.2540668845176697 0.22684477269649506 0.21815024316310883 0.25067663192749023 0.22435146570205688 0.26323622465133667 0.24500396847724915
2018-05-22 18:00:00	0.12479477375745773 0.1329365223646164 0.12371813505887985 0.1256059855222702 0.11757183820009232 0.13671492040157318 0.1088554635643959
2016-09-29 14:00:00	0.10675884783267975 0.09680052846670151 0.1002335175871849 0.10445861518383026 0.10219012200832367 0.12500108778476715 0.09865555167198181
2017-11-04 11:00:00	0.19090569019317627 0.18334507942199707 0.17598189413547516 0.20560939610004425 0.19927449524402618 0.2487216591835022 0.20308803021907806
2018-03-25 23:00:00	0.3449684977531433 0.31968575716018677 0.27799221873283386 0.32122260332107544 0.29322952032089233 0.34316331148147583 0.2787633240222931
2018-10-27 02:00:00	0.25062131881713867 0.20575490593910217 0.2113548219203949 0.23500603437423706 0.21785172820091248 0.2300329953432083 0.20312519371509552
2018-09-21 14:00:00	0.09933505952358246 0.09555849432945251 0.09463530033826828 0.09879401326179504 0.09257479757070541 0.1200355589389801 0.09330456703901291
2018-11-16 15:00:00	0.3603097200393677 0.33418896794319153 0.2578747868537903 0.29757100343704224 0.27251502871513367 0.3106411397457123 0.24997103214263916
2017-07-04 03:00:00	0.27537891268730164 0.23886626958847046 0.23111014068126678 0.25990456342697144 0.23951759934425354 0.27541711926460266 0.2350172996520996
2016-10-26 07:00:00	0.1969972550868988 0.1964840590953827 0.19261658191680908 0.22021885216236115 0.20349988341331482 0.24315908551216125 0.19619157910346985
2017-04-23 17:00:00	0.306338369846344 0.25874462723731995 0.2517922520637512 0.2903456389904022 0.2647821009159088 0.3273202180862427 0.2844334542751312
2018-01-25 10:00:00	0.11757517606019974 0.13475851714611053 0.13253140449523926 0.1211184412240982 0.1120787113904953 0.13865479826927185 0.11906556785106659
2018-05-23 07:00:00	0.24561642110347748 0.2380068302154541 0.18818798661231995 0.2158876657485962 0.19447241723537445 0.23608705401420593 0.18633511662483215
2017-10-15 20:00:00	0.3183232545852661 0.30657559633255005 0.2794291079044342 0.33215779066085815 0.31188490986824036 0.3699486553668976 0.3028682470321655
2016-08-31 14:00:00	0.09687408804893494 0.09142646193504333 0.09235827624797821 0.09468449652194977 0.09069991111755371 0.11478599905967712 0.08943209052085876
2016-05-22 17:00:00	0.1184067353606224 0.12192027270793915 0.11646343022584915 0.10720221698284149 0.1170804500579834 0.13661830127239227 0.10829389840364456
2018-04-15 01:00:00	0.48713380098342896 0.44182419776916504 0.34636732935905457 0.41108739376068115 0.36110934615135193 0.4133496880531311 0.3405986428260803
2016-04-21 19:00:00	0.1863483041524887 0.17940989136695862 0.15566638112068176 0.18485161662101746 0.1672351360321045 0.20587250590324402 0.16009676456451416
2017-01-22 19:00:00	0.3073011338710785 0.2905101180076599 0.2403823733329773 0.2770811915397644 0.25244688987731934 0.3091220259666443 0.2573056221008301
2017-08-18 21:00:00	0.3512718081474304 0.3299776315689087 0.30757972598075867 0.361799955368042 0.33757320046424866 0.40578269958496094 0.3302573263645172
2017-09-17 15:00:00	0.18232271075248718 0.15489691495895386 0.15435273945331573 0.1670384407043457 0.1589123010635376 0.20108811557292938 0.17899924516677856
2017-05-22 11:00:00	0.1131652444601059 0.10453929007053375 0.10450245440006256 0.11550913006067276 0.10690554231405258 0.13478237390518188 0.10317709296941757
2016-11-16 18:00:00	0.10126425325870514 0.09816736727952957 0.0975496768951416 0.10088316351175308 0.09151019901037216 0.11897574365139008 0.09182584285736084
2017-03-07 10:00:00	0.3266196846961975 0.30261433124542236 0.2743820250034332 0.32164204120635986 0.29484283924102783 0.34506112337112427 0.2836664915084839
2017-09-09 15:00:00	0.2606196105480194 0.22880297899246216 0.20733627676963806 0.2400897741317749 0.23066197335720062 0.27219828963279724 0.22542384266853333
2016-12-18 03:00:00	0.25582173466682434 0.25880709290504456 0.23764345049858093 0.27578678727149963 0.2536632716655731 0.3182303309440613 0.2693604826927185
2018-03-16 00:00:00	0.30391085147857666 0.2515624463558197 0.2518659234046936 0.28718098998069763 0.26129117608070374 0.2903410792350769 0.2542562186717987
2016-07-13 04:00:00	0.20812609791755676 0.2068551778793335 0.19280850887298584 0.2216808795928955 0.21101799607276917 0.250834584236145 0.20802375674247742
2017-10-04 23:00:00	0.16241878271102905 0.1564924716949463 0.14821961522102356 0.16160660982131958 0.1562427282333374 0.18315458297729492 0.15173916518688202
2016-12-26 15:00:00	0.22676287591457367 0.2270933836698532 0.18612223863601685 0.21175925433635712 0.21114930510520935 0.23339349031448364 0.17407450079917908
2017-12-31 22:00:00	0.17620688676834106 0.17292220890522003 0.16398610174655914 0.18076902627944946 0.1755208969116211 0.20325234532356262 0.16316330432891846
2017-04-22 13:00:00	0.11463533341884613 0.1183854341506958 0.10952049493789673 0.12503235042095184 0.11530414968729019 0.15327653288841248 0.11392181366682053
2018-12-17 20:00:00	0.29725271463394165 0.28132331371307373 0.23783189058303833 0.2662557065486908 0.24292108416557312 0.284568727016449 0.2325287163257599
2017-06-27 22:00:00	0.28801390528678894 0.24049222469329834 0.23996669054031372 0.2634426951408386 0.2566864788532257 0.21547046303749084 0.2089877426624298
2016-09-09 08:00:00	0.1897108405828476 0.19240626692771912 0.1575460582971573 0.17621967196464539 0.15792995691299438 0.19401240348815918 0.15327885746955872
2018-09-24 02:00:00	0.11096083372831345 0.11227685958147049 0.10566183924674988 0.11059189587831497 0.10333434492349625 0.12247393280267715 0.09775151312351227
2017-01-02 00:00:00	0.2691383361816406 0.26427900791168213 0.23329012095928192 0.267332524061203 0.2627584636211395 0.2642586827278137 0.20908525586128235
2017-09-11 17:00:00	0.34200501441955566 0.3403160274028778 0.2995462119579315 0.35228264331817627 0.3226059377193451 0.357333242893219 0.31192824244499207
2018-04-16 23:00:00	0.17040373384952545 0.15867352485656738 0.15056312084197998 0.1593226045370102 0.15887360274791718 0.1700286865234375 0.14409533143043518
2018-08-29 17:00:00	0.17723435163497925 0.16024434566497803 0.1582968682050705 0.17912492156028748 0.1664879322052002 0.2044718861579895 0.1753195822238922
2017-08-03 08:00:00	0.2903801202774048 0.28923386335372925 0.287484735250473 0.3343324661254883 0.32789894938468933 0.40644609928131104 0.3249590992927551
2018-09-09 16:00:00	0.1139068678021431 0.10536909103393555 0.10891803354024887 0.1130419373512268 0.10776335000991821 0.1375800520181656 0.10938427597284317
2018-01-14 17:00:00	0.13861800730228424 0.13574060797691345 0.122386634349823 0.1313668042421341 0.12081865221261978 0.14015589654445648 0.11399099975824356
2017-06-12 07:00:00	0.2914075255393982 0.28007981181144714 0.2693573236465454 0.32100436091423035 0.3042753338813782 0.37037408351898193 0.30421334505081177
2017-12-12 22:00:00	0.323975533246994 0.28850528597831726 0.26078367233276367 0.3010375499725342 0.27523568272590637 0.316338449716568 0.24691015481948853
2018-02-19 04:00:00	0.15986347198486328 0.1518169492483139 0.13202674686908722 0.14888685941696167 0.1372559368610382 0.1644735336303711 0.13669607043266296
2016-07-06 20:00:00	0.11635711789131165 0.10788726061582565 0.10601863265037537 0.10514538735151291 0.10649080574512482 0.12286490947008133 0.10372588038444519
2018-07-30 21:00:00	0.12771041691303253 0.12063659727573395 0.11755061894655228 0.11213962733745575 0.11786149442195892 0.12843622267246246 0.11115806549787521
2016-05-23 18:00:00	0.3037548065185547 0.2570982873439789 0.24371203780174255 0.2772066593170166 0.2561950385570526 0.2854738235473633 0.23987707495689392
2018-02-23 06:00:00	0.3925233483314514 0.37493109703063965 0.2997983694076538 0.3237047791481018 0.30678415298461914 0.3249419927597046 0.27026498317718506
2017-09-23 05:00:00	0.10085366666316986 0.09849332273006439 0.10146848857402802 0.10223646461963654 0.09034097194671631 0.11956880241632462 0.09229574352502823
2016-09-23 17:00:00	0.10734909772872925 0.09991803020238876 0.10138706117868423 0.1072026938199997 0.10296425223350525 0.12707838416099548 0.09751100093126297
2016-10-29 13:00:00	0.10389672219753265 0.09955152124166489 0.09592625498771667 0.10362708568572998 0.09452341496944427 0.12157332897186279 0.0944945439696312
2018-07-08 04:00:00	0.1195996105670929 0.12199263274669647 0.1222815215587616 0.13181200623512268 0.1209452897310257 0.15168318152427673 0.11383223533630371
2018-08-15 22:00:00	0.1024160161614418 0.09901976585388184 0.09922924637794495 0.09547927975654602 0.09440405666828156 0.11437614262104034 0.09453560411930084
2017-07-28 21:00:00	0.18421049416065216 0.16673927009105682 0.15171553194522858 0.1676279604434967 0.16923806071281433 0.19313828647136688 0.16098451614379883
2018-03-29 04:00:00	0.17109714448451996 0.16187453269958496 0.15259428322315216 0.15720286965370178 0.15290452539920807 0.16000625491142273 0.1349310278892517
2016-11-26 16:00:00	0.2716277837753296 0.2625110447406769 0.21393579244613647 0.23256468772888184 0.2067549228668213 0.23731458187103271 0.19352233409881592
2016-08-26 11:00:00	0.29594337940216064 0.27618831396102905 0.2744449973106384 0.3195270895957947 0.31116238236427307 0.3913635313510895 0.32599982619285583
2016-04-02 17:00:00	0.1506679654121399 0.14341482520103455 0.12931333482265472 0.1482713222503662 0.13176463544368744 0.16486115753650665 0.12888967990875244
2018-09-02 07:00:00	0.1816386580467224 0.18473409116268158 0.17894116044044495 0.19391849637031555 0.19783003628253937 0.22609758377075195 0.18557026982307434
2018-11-10 11:00:00	0.10747626423835754 0.10846593976020813 0.10535487532615662 0.1079336404800415 0.10955145210027695 0.13426154851913452 0.10433081537485123
2017-05-07 06:00:00	0.3503384590148926 0.2633384168148041 0.2905327081680298 0.3307340741157532 0.30419236421585083 0.3230125606060028 0.30436471104621887
2017-05-21 15:00:00	0.2667312026023865 0.22920919954776764 0.21625283360481262 0.24603824317455292 0.2353166937828064 0.282789945602417 0.23410329222679138
2016-11-23 07:00:00	0.14951778948307037 0.13864076137542725 0.12430315464735031 0.13839636743068695 0.12861409783363342 0.1650635004043579 0.13310979306697845
2018-12-03 20:00:00	0.12926138937473297 0.12103228271007538 0.10862497240304947 0.10797614604234695 0.11333406716585159 0.13340884447097778 0.1079140305519104
2017-12-23 02:00:00	0.5098930597305298 0.4812122583389282 0.39963003993034363 0.4609836935997009 0.4232325255870819 0.5152637362480164 0.4245506227016449
2017-06-19 22:00:00	0.3313799500465393 0.30962345004081726 0.29139092564582825 0.3447713553905487 0.31915372610092163 0.38877490162849426 0.3175135552883148
2018-09-10 15:00:00	0.12906208634376526 0.12090341746807098 0.11498840898275375 0.12563738226890564 0.11471187323331833 0.14868274331092834 0.12243057042360306
2018-03-21 06:00:00	0.41201692819595337 0.40078413486480713 0.3582896292209625 0.417045533657074 0.3774447739124298 0.4161440134048462 0.36279022693634033
2018-01-30 04:00:00	0.14037391543388367 0.13556183874607086 0.12525275349617004 0.13142600655555725 0.12403007596731186 0.1419847160577774 0.11486072093248367
2018-12-25 12:00:00	0.18690606951713562 0.16638050973415375 0.16267158091068268 0.18161112070083618 0.1707686483860016 0.20649632811546326 0.17504897713661194
2016-10-09 18:00:00	0.084699347615242 0.08227129280567169 0.08373692631721497 0.07934030145406723 0.0788733959197998 0.10076291859149933 0.07971559464931488
2017-12-13 03:00:00	0.3941437602043152 0.3147261440753937 0.29755449295043945 0.33819419145584106 0.31742000579833984 0.3534170985221863 0.28614097833633423
2016-05-11 03:00:00	0.13448019325733185 0.12175433337688446 0.11841919273138046 0.11706621199846268 0.11550629138946533 0.1290140450000763 0.11228761076927185
2017-08-31 20:00:00	0.10851459205150604 0.102801114320755 0.10251809656620026 0.09819509088993073 0.10002217441797256 0.11627786606550217 0.09893454611301422
2018-07-29 13:00:00	0.12724296748638153 0.1235208734869957 0.12324915826320648 0.12082570791244507 0.12925691902637482 0.16378764808177948 0.13133248686790466
2017-01-18 22:00:00	0.31033605337142944 0.293659508228302 0.2477300465106964 0.28235435485839844 0.25794893503189087 0.3037596344947815 0.2456417679786682
2018-06-24 19:00:00	0.24665319919586182 0.23350569605827332 0.1945256143808365 0.21280579268932343 0.19247600436210632 0.22508463263511658 0.1837175190448761
2017-05-02 20:00:00	0.11352191865444183 0.10600276291370392 0.10510516911745071 0.11198318004608154 0.10590871423482895 0.13135655224323273 0.10263434797525406
2018-01-09 11:00:00	0.12124700099229813 0.12093092501163483 0.11699262261390686 0.12522614002227783 0.11166542023420334 0.14072614908218384 0.10648288577795029
2017-01-01 03:00:00	0.15322625637054443 0.15220360457897186 0.14138653874397278 0.1470957100391388 0.14334164559841156 0.1588868796825409 0.134696826338768
2017-01-17 22:00:00	0.2878889739513397 0.28346654772758484 0.23297172784805298 0.2541150152683258 0.22826462984085083 0.27132201194763184 0.21885743737220764
2016-12-11 15:00:00	0.26085370779037476 0.22649595141410828 0.21956470608711243 0.25296249985694885 0.22826427221298218 0.2853075861930847 0.2564203143119812
2018-02-27 11:00:00	0.5311838388442993 0.4574221968650818 0.4037289023399353 0.48365700244903564 0.4634368121623993 0.5104756355285645 0.4090498685836792
2018-07-07 15:00:00	0.22923702001571655 0.20220446586608887 0.19205668568611145 0.21830910444259644 0.20411387085914612 0.2683696746826172 0.2442234456539154
2018-04-05 19:00:00	0.08579960465431213 0.08457790315151215 0.08513560891151428 0.08148425072431564 0.08003203570842743 0.10179833322763443 0.08219318091869354
2018-04-27 21:00:00	0.16858842968940735 0.15807341039180756 0.14152829349040985 0.15756140649318695 0.1510203629732132 0.18224313855171204 0.15196411311626434
2016-11-18 15:00:00	0.12494442611932755 0.12294236570596695 0.11436429619789124 0.11890789866447449 0.11167926341295242 0.1351042538881302 0.1077168732881546
2018-04-11 09:00:00	0.340568482875824 0.3122117817401886 0.2797265350818634 0.33497536182403564 0.3139443099498749 0.36902356147766113 0.30159369111061096
2016-10-01 03:00:00	0.1002657413482666 0.09621792286634445 0.09672213345766068 0.09244252741336823 0.09245534241199493 0.11152836680412292 0.09293732047080994
2016-07-09 05:00:00	0.167937234044075 0.16424936056137085 0.15398798882961273 0.17311221361160278 0.1633666455745697 0.1901743859052658 0.15708525478839874
2018-07-09 03:00:00	0.08986320346593857 0.0861257016658783 0.08738690614700317 0.0858357846736908 0.08389604091644287 0.10668034851551056 0.08381278812885284
2017-02-06 13:00:00	0.4179653525352478 0.4073182940483093 0.3528064787387848 0.41541141271591187 0.38001856207847595 0.41946470737457275 0.3602089583873749
2018-01-17 09:00:00	0.592074453830719 0.5368127822875977 0.4644448161125183 0.5564727783203125 0.5244089365005493 0.5613665580749512 0.45197054743766785
2018-10-13 19:00:00	0.29282906651496887 0.2750730514526367 0.25555306673049927 0.3020479679107666 0.27271807193756104 0.3256932199001312 0.27682235836982727
2018-11-14 05:00:00	0.17725861072540283 0.17714321613311768 0.16713149845600128 0.18631258606910706 0.176542729139328 0.21470683813095093 0.17296868562698364
2018-11-15 19:00:00	0.2422291338443756 0.21539077162742615 0.20076069235801697 0.22984135150909424 0.20633214712142944 0.2557823657989502 0.22620046138763428
2017-12-31 17:00:00	0.1561049073934555 0.1495032161474228 0.14806020259857178 0.1622665524482727 0.1547812521457672 0.18099892139434814 0.1493014693260193
2018-08-29 18:00:00	0.21996483206748962 0.1968235969543457 0.19008085131645203 0.21774610877037048 0.19836173951625824 0.24209731817245483 0.2107880711555481
2017-10-17 23:00:00	0.34107622504234314 0.32982322573661804 0.29173874855041504 0.34464430809020996 0.32257309556007385 0.38403207063674927 0.3116319179534912
2017-02-21 00:00:00	0.1802244782447815 0.17082196474075317 0.162456214427948 0.16999466717243195 0.15891869366168976 0.18468114733695984 0.1550230085849762
2017-06-04 09:00:00	0.10134805738925934 0.10218170285224915 0.09757529944181442 0.10655246675014496 0.09940734505653381 0.13041901588439941 0.09718141704797745
2018-02-20 05:00:00	0.28730839490890503 0.27480217814445496 0.2206215113401413 0.23727795481681824 0.22539055347442627 0.24860095977783203 0.204264298081398
2018-09-30 23:00:00	0.18712960183620453 0.17095518112182617 0.1706024706363678 0.1874757558107376 0.17089708149433136 0.2020229697227478 0.18209508061408997
2018-07-04 13:00:00	0.1496419608592987 0.14762014150619507 0.13502204418182373 0.14618346095085144 0.150459423661232 0.20812073349952698 0.1563139259815216
2018-02-17 20:00:00	0.12295525521039963 0.114095039665699 0.11485279351472855 0.12667979300022125 0.11073442548513412 0.13345998525619507 0.10212844610214233
2016-07-31 05:00:00	0.25328314304351807 0.23167875409126282 0.22248893976211548 0.2574425935745239 0.23792952299118042 0.28613680601119995 0.24027618765830994
2016-09-15 07:00:00	0.10656004399061203 0.1056549996137619 0.10225101560354233 0.10554680228233337 0.10349610447883606 0.1265270859003067 0.09755130857229233
2016-12-28 16:00:00	0.3766757845878601 0.37769460678100586 0.3205104172229767 0.36460572481155396 0.35515180230140686 0.4040587246417999 0.31639954447746277
2016-04-06 23:00:00	0.24765387177467346 0.23455971479415894 0.18660792708396912 0.21582603454589844 0.19646111130714417 0.23880627751350403 0.19239717721939087
2016-10-06 03:00:00	0.17738273739814758 0.1592600792646408 0.16002018749713898 0.17072610557079315 0.14916622638702393 0.1707376092672348 0.150325208902359
2016-09-13 04:00:00	0.3083522617816925 0.2973475754261017 0.27164414525032043 0.32388293743133545 0.3003288507461548 0.3590092957019806 0.2957466244697571
2016-08-22 10:00:00	0.08849960565567017 0.09677822887897491 0.08917559683322906 0.09625087678432465 0.09175591915845871 0.12249794602394104 0.08690387010574341
2016-09-22 03:00:00	0.18741858005523682 0.17118963599205017 0.1691685914993286 0.1742897927761078 0.16915926337242126 0.17484791576862335 0.15391454100608826
2017-04-08 08:00:00	0.11827508360147476 0.12181916832923889 0.11613380908966064 0.113209068775177 0.11096814274787903 0.13416822254657745 0.10672631859779358
2016-12-04 13:00:00	0.1852862387895584 0.17488181591033936 0.14272870123386383 0.1614665389060974 0.14998573064804077 0.1805025041103363 0.14671245217323303
2018-03-16 10:00:00	0.3313017189502716 0.30126333236694336 0.2677515745162964 0.3109975755214691 0.2860572338104248 0.3363244831562042 0.2651178240776062
2017-12-28 12:00:00	0.5207126140594482 0.5239709615707397 0.4711586534976959 0.5478140115737915 0.5064488053321838 0.506615161895752 0.5091475248336792
2016-11-25 08:00:00	0.09917736053466797 0.09837011992931366 0.09739260375499725 0.09925180673599243 0.08946514129638672 0.1159115880727768 0.08994841575622559
2018-02-23 00:00:00	0.2004832774400711 0.19451338052749634 0.163152813911438 0.18081380426883698 0.16564276814460754 0.19996216893196106 0.16307801008224487
2016-05-30 14:00:00	0.2452620565891266 0.2192760705947876 0.20598885416984558 0.2370459884405136 0.21925164759159088 0.2752707898616791 0.2474110722541809
2016-12-08 07:00:00	0.3071766495704651 0.2806551456451416 0.22591817378997803 0.2619773745536804 0.23704341053962708 0.28734010457992554 0.23432110249996185
2018-04-26 04:00:00	0.12176938354969025 0.12599942088127136 0.11887897551059723 0.1231415718793869 0.11701478064060211 0.1444874405860901 0.10995367914438248
2017-11-07 15:00:00	0.2913684546947479 0.2843114733695984 0.235527902841568 0.25390416383743286 0.2271590232849121 0.2599414587020874 0.21711619198322296
2018-01-21 09:00:00	0.31321364641189575 0.3121771216392517 0.2660076916217804 0.3159315586090088 0.27749958634376526 0.3194117844104767 0.24472367763519287
2016-07-04 10:00:00	0.10010801255702972 0.09854885190725327 0.09816941618919373 0.10598728805780411 0.1093507632613182 0.13123488426208496 0.09469571709632874
2018-01-27 00:00:00	0.12627200782299042 0.124464251101017 0.11008947342634201 0.1209549531340599 0.10979560017585754 0.13574087619781494 0.11002989858388901
2017-08-23 05:00:00	0.17251279950141907 0.16657060384750366 0.14187325537204742 0.1572619527578354 0.1447182595729828 0.17793338000774384 0.14424191415309906
2018-10-17 17:00:00	0.13559608161449432 0.1300828605890274 0.13016018271446228 0.13770703971385956 0.1273914873600006 0.1499786376953125 0.12796473503112793
2016-08-24 11:00:00	0.22686955332756042 0.211148202419281 0.21381285786628723 0.25040245056152344 0.24678251147270203 0.3049420118331909 0.2503109872341156
2018-12-03 21:00:00	0.13803458213806152 0.1303369700908661 0.1147346943616867 0.11640726029872894 0.11902880668640137 0.14081421494483948 0.11416346579790115
2016-06-05 05:00:00	0.16363053023815155 0.15288345515727997 0.13319548964500427 0.14699587225914001 0.14437121152877808 0.15787281095981598 0.13286751508712769
2018-03-27 09:00:00	0.3700927793979645 0.3409467041492462 0.29708877205848694 0.34421437978744507 0.31453514099121094 0.3678285479545593 0.28514939546585083
2018-08-17 15:00:00	0.06900334358215332 0.07055547833442688 0.0726424977183342 0.059596702456474304 0.0636066198348999 0.08277637511491776 0.06726183742284775
2018-02-06 01:00:00	0.18674330413341522 0.1876230239868164 0.1591053605079651 0.17170190811157227 0.15098445117473602 0.1756017506122589 0.15583902597427368
2017-06-01 20:00:00	0.18712438642978668 0.1725795418024063 0.16553068161010742 0.17403753101825714 0.17382553219795227 0.16852527856826782 0.14969798922538757
2016-12-10 12:00:00	0.11006243526935577 0.10264107584953308 0.10292995721101761 0.10919932276010513 0.10398416966199875 0.12791545689105988 0.10109513998031616
2018-05-22 08:00:00	0.08998171985149384 0.0868973433971405 0.08763258159160614 0.0869775116443634 0.08502808213233948 0.10803721845149994 0.08392468094825745
2017-11-16 15:00:00	0.4624457359313965 0.42740315198898315 0.34550192952156067 0.39440399408340454 0.3506258726119995 0.39495179057121277 0.31720349192619324
2016-10-20 02:00:00	0.17303816974163055 0.1718803346157074 0.1553572416305542 0.16942289471626282 0.14164839684963226 0.17729152739048004 0.13954636454582214
2018-03-26 23:00:00	0.44572746753692627 0.42272645235061646 0.36191657185554504 0.4205906391143799 0.388640820980072 0.4331457018852234 0.3531482517719269
2018-04-10 21:00:00	0.12261795252561569 0.12599685788154602 0.11565807461738586 0.11826255172491074 0.11057695746421814 0.13309434056282043 0.10435617715120316
2018-09-05 17:00:00	0.3171500265598297 0.26516056060791016 0.250875324010849 0.2845989763736725 0.26619789004325867 0.291029155254364 0.24053242802619934
2017-11-20 15:00:00	0.271087110042572 0.22733816504478455 0.21585890650749207 0.23718377947807312 0.22139021754264832 0.2556155025959015 0.2251637876033783
2018-03-22 07:00:00	0.5979980826377869 0.5475425720214844 0.41269445419311523 0.48437297344207764 0.421510249376297 0.5021183490753174 0.3787117898464203
2016-06-30 04:00:00	0.13103020191192627 0.1250419318675995 0.11646711826324463 0.12599077820777893 0.11994550377130508 0.14697490632534027 0.12145960330963135
2017-10-08 17:00:00	0.1861286461353302 0.16911110281944275 0.16226410865783691 0.17681506276130676 0.17218172550201416 0.18898919224739075 0.15598732233047485
2017-05-24 17:00:00	0.2638710141181946 0.22427286207675934 0.21320533752441406 0.23772431910037994 0.22507968544960022 0.25870174169540405 0.21683543920516968
2018-06-10 10:00:00	0.32699692249298096 0.270467072725296 0.23769545555114746 0.276945561170578 0.2730453908443451 0.3277229070663452 0.2532486319541931
2018-12-27 23:00:00	0.11198754608631134 0.10677117854356766 0.10347530245780945 0.10087911039590836 0.10428179800510406 0.12361122667789459 0.1008421778678894
2018-02-16 07:00:00	0.3749971389770508 0.34800106287002563 0.3193390369415283 0.3652523159980774 0.3360075056552887 0.4218694865703583 0.35488221049308777
2017-03-03 15:00:00	0.10433042049407959 0.10098858922719955 0.09875140339136124 0.10503953695297241 0.09722530841827393 0.12645718455314636 0.09840528666973114
2018-12-17 02:00:00	0.34106677770614624 0.3022303283214569 0.2853604257106781 0.3286935091018677 0.3159395158290863 0.289795458316803 0.25079038739204407
2016-07-06 13:00:00	0.12087783217430115 0.11853664368391037 0.11470042914152145 0.1260260045528412 0.11753366887569427 0.15534842014312744 0.12237893044948578
2016-12-05 05:00:00	0.2602807283401489 0.24841147661209106 0.20343360304832458 0.23571966588497162 0.21781691908836365 0.26808497309684753 0.21784672141075134
2017-09-18 16:00:00	0.24075829982757568 0.20478245615959167 0.19972918927669525 0.22312045097351074 0.2071702629327774 0.24692463874816895 0.21676713228225708
2016-10-11 07:00:00	0.37142136693000793 0.37364649772644043 0.3091643750667572 0.34848886728286743 0.30600088834762573 0.34065985679626465 0.2836925983428955
2018-10-18 22:00:00	0.23625028133392334 0.2275213599205017 0.20725908875465393 0.24156251549720764 0.2244853973388672 0.2686229944229126 0.2231052815914154
2016-11-06 00:00:00	0.24301281571388245 0.2108657956123352 0.2104838490486145 0.234103262424469 0.21517935395240784 0.24069546163082123 0.20481866598129272
2017-09-25 13:00:00	0.10872770100831985 0.11111167818307877 0.10016816854476929 0.11206061393022537 0.09754937887191772 0.13356778025627136 0.1021275669336319
2016-05-30 03:00:00	0.20610719919204712 0.18257418274879456 0.1856604516506195 0.20488020777702332 0.19144147634506226 0.21183957159519196 0.17988282442092896
2017-11-28 20:00:00	0.33805811405181885 0.2981138825416565 0.2840433120727539 0.329487681388855 0.3205105662345886 0.2940047085285187 0.25764110684394836
2018-06-30 22:00:00	0.17345227301120758 0.16837748885154724 0.14433659613132477 0.15759582817554474 0.1571914702653885 0.17089492082595825 0.142870232462883
2016-08-09 08:00:00	0.1555984616279602 0.16057485342025757 0.17144356667995453 0.17774203419685364 0.1842900663614273 0.22215759754180908 0.18369707465171814
2018-11-22 20:00:00	0.1381218433380127 0.12874899804592133 0.1316789835691452 0.13565823435783386 0.12143916636705399 0.1468002200126648 0.12433258444070816
2016-05-13 05:00:00	0.42420482635498047 0.3850162625312805 0.33593645691871643 0.3923543095588684 0.35682252049446106 0.417247474193573 0.32928818464279175
2017-01-15 03:00:00	0.34482342004776 0.2902757227420807 0.2847869098186493 0.33172374963760376 0.3013535737991333 0.35463476181030273 0.3059275150299072
2018-10-29 03:00:00	0.193494975566864 0.1875520497560501 0.1700689196586609 0.18304890394210815 0.15649957954883575 0.1865074336528778 0.15010344982147217
2017-04-22 08:00:00	0.10723403096199036 0.11476168036460876 0.1066744327545166 0.10630567371845245 0.10695009678602219 0.12924155592918396 0.09478165209293365
2018-01-29 13:00:00	0.08506552875041962 0.08254461735486984 0.0839957594871521 0.07980090379714966 0.07922956347465515 0.10118253529071808 0.08000613749027252
2016-07-08 07:00:00	0.17815914750099182 0.1776871532201767 0.16850820183753967 0.18782205879688263 0.17920778691768646 0.2159634828567505 0.1760663092136383
2016-05-25 20:00:00	0.27977973222732544 0.2660280168056488 0.24143531918525696 0.27530527114868164 0.26979097723960876 0.2777441740036011 0.21834293007850647
2017-09-25 22:00:00	0.11103864759206772 0.10530396550893784 0.10139161348342896 0.10844144225120544 0.10086313635110855 0.1264948844909668 0.09997951984405518
2016-06-05 02:00:00	0.17950040102005005 0.1672997772693634 0.16231001913547516 0.16602584719657898 0.16352440416812897 0.16668207943439484 0.14757537841796875
2016-11-05 17:00:00	0.21710079908370972 0.18747738003730774 0.1854916214942932 0.20366722345352173 0.19120299816131592 0.21622711420059204 0.1919020116329193
2017-09-10 00:00:00	0.2506827414035797 0.2371501326560974 0.21649926900863647 0.2534036636352539 0.2274782955646515 0.258730947971344 0.21362611651420593
2016-10-01 05:00:00	0.09068191796541214 0.08673681318759918 0.08796560019254684 0.0868656188249588 0.08469237387180328 0.1076185405254364 0.08446238189935684
2018-05-26 05:00:00	0.2971738576889038 0.2805744409561157 0.2640797793865204 0.3125690817832947 0.2886825203895569 0.3444744646549225 0.28464260697364807
2018-09-27 04:00:00	0.554865837097168 0.5565625429153442 0.4939979016780853 0.5647569298744202 0.5276010036468506 0.6876735091209412 0.5800803899765015
2017-03-24 11:00:00	0.13053254783153534 0.121210478246212 0.12605564296245575 0.1337083876132965 0.1309846192598343 0.16245201230049133 0.12420690059661865
2017-06-05 13:00:00	0.12442842870950699 0.11666561663150787 0.12211494147777557 0.11787731945514679 0.1292380541563034 0.15139366686344147 0.1267240196466446
2018-05-03 20:00:00	0.18558087944984436 0.1777501255273819 0.1585533320903778 0.1738465577363968 0.156219482421875 0.1920316368341446 0.15692320466041565
2017-09-17 13:00:00	0.18210609257221222 0.15859052538871765 0.15394040942192078 0.17058420181274414 0.16482117772102356 0.20479944348335266 0.1759488433599472
2017-07-14 11:00:00	0.1342991441488266 0.14062103629112244 0.13128145039081573 0.13790924847126007 0.13369004428386688 0.16227038204669952 0.13111673295497894
2016-10-05 19:00:00	0.20981311798095703 0.18644246459007263 0.1814061999320984 0.195321723818779 0.18934810161590576 0.20198628306388855 0.17334315180778503
2018-01-06 10:00:00	0.11180789768695831 0.10380396991968155 0.10400915890932083 0.11091643571853638 0.09867960214614868 0.1263391524553299 0.09774237871170044
2018-11-01 02:00:00	0.19023680686950684 0.1782894730567932 0.14608868956565857 0.16506391763687134 0.15435472130775452 0.18683762848377228 0.15149426460266113
2018-04-10 15:00:00	0.13002213835716248 0.1296394020318985 0.12846815586090088 0.12597964704036713 0.13041236996650696 0.16058102250099182 0.12538307905197144
2017-06-18 07:00:00	0.16729667782783508 0.15690413117408752 0.14358475804328918 0.15926146507263184 0.15106040239334106 0.18470428884029388 0.15325815975666046
2016-06-14 23:00:00	0.34858596324920654 0.2834669053554535 0.282295823097229 0.318240225315094 0.3035391867160797 0.2807517647743225 0.26771602034568787
2017-08-15 13:00:00	0.12089939415454865 0.11609583348035812 0.11943741142749786 0.12518572807312012 0.1255059689283371 0.15191836655139923 0.1195298284292221
2016-04-08 10:00:00	0.34541451930999756 0.3329005241394043 0.2844751477241516 0.33531510829925537 0.3088158369064331 0.35152116417884827 0.2874854505062103
2016-09-30 13:00:00	0.1408810019493103 0.13703623414039612 0.12807561457157135 0.13754548132419586 0.13570380210876465 0.17619118094444275 0.14168484508991241
2017-08-11 23:00:00	0.14680443704128265 0.1449906826019287 0.13370870053768158 0.1437290608882904 0.14337648451328278 0.1595698893070221 0.13189712166786194
2016-04-02 08:00:00	0.10040675103664398 0.10718660056591034 0.10065127164125443 0.10731761902570724 0.09462325274944305 0.12132072448730469 0.09243151545524597
2018-08-04 23:00:00	0.3356064260005951 0.3110455870628357 0.28516921401023865 0.33094388246536255 0.29955360293388367 0.3760279417037964 0.3167499601840973
2017-09-23 13:00:00	0.14929677546024323 0.14699307084083557 0.1397792100906372 0.15508133172988892 0.15225429832935333 0.19304785132408142 0.15209737420082092
2018-06-13 20:00:00	0.29545846581459045 0.24032756686210632 0.24391502141952515 0.2743392586708069 0.2565886080265045 0.24092614650726318 0.2209203541278839
2017-11-05 02:00:00	0.2562743127346039 0.2379385530948639 0.21520188450813293 0.2428738921880722 0.2265544831752777 0.2612065076828003 0.2164953202009201
2018-12-24 08:00:00	0.3363010287284851 0.2649917006492615 0.26898032426834106 0.30503183603286743 0.278266042470932 0.29629048705101013 0.26195353269577026
2016-10-06 02:00:00	0.15251454710960388 0.1392752081155777 0.14124588668346405 0.14996026456356049 0.12971855700016022 0.15178848803043365 0.13239017128944397
2018-09-25 04:00:00	0.2820267379283905 0.25247880816459656 0.23647089302539825 0.2747765779495239 0.24520999193191528 0.30648285150527954 0.26271292567253113
2018-11-15 02:00:00	0.1560528576374054 0.14740684628486633 0.14355120062828064 0.15373876690864563 0.1426333338022232 0.16355428099632263 0.14004527032375336
2016-12-11 08:00:00	0.16090746223926544 0.14641915261745453 0.1413479745388031 0.15206438302993774 0.14154860377311707 0.16238953173160553 0.13929158449172974
2017-01-25 02:00:00	0.16950947046279907 0.16447846591472626 0.1452943980693817 0.1604728251695633 0.1544787734746933 0.17410346865653992 0.13909953832626343
2016-05-08 09:00:00	0.2097519189119339 0.20915432274341583 0.17342765629291534 0.19038675725460052 0.16918763518333435 0.2013092190027237 0.16137424111366272
2017-02-05 12:00:00	0.4773297905921936 0.44193798303604126 0.373813271522522 0.4417824149131775 0.40671148896217346 0.4671402871608734 0.3599116802215576
2017-07-30 15:00:00	0.115811288356781 0.11115162819623947 0.11149129271507263 0.11784804612398148 0.11204235255718231 0.1425856649875641 0.114711232483387
2018-01-21 17:00:00	0.3857995271682739 0.36013779044151306 0.33470505475997925 0.3918313980102539 0.3648858070373535 0.39535772800445557 0.3511155843734741
2018-04-12 16:00:00	0.19829270243644714 0.20256707072257996 0.1679399013519287 0.18219274282455444 0.16439804434776306 0.18945196270942688 0.15747302770614624
2017-09-01 08:00:00	0.06990499049425125 0.07122848927974701 0.07327981293201447 0.060730867087841034 0.06448362022638321 0.08380960673093796 0.06797723472118378
2018-02-04 19:00:00	0.24585631489753723 0.24841651320457458 0.2151595950126648 0.23848189413547516 0.24523156881332397 0.2626557946205139 0.2029159963130951
2018-04-23 05:00:00	0.1376117616891861 0.13185462355613708 0.1220579445362091 0.12398117780685425 0.12835118174552917 0.15165680646896362 0.12132582068443298
2016-10-06 22:00:00	0.13629455864429474 0.13018015027046204 0.1296318769454956 0.1356135606765747 0.12244786322116852 0.1396847814321518 0.1179153174161911
2018-04-30 02:00:00	0.32193899154663086 0.3006362020969391 0.23688216507434845 0.27232059836387634 0.2492387592792511 0.2917124629020691 0.23757776618003845
2018-01-04 06:00:00	0.33909398317337036 0.3263299763202667 0.2916145622730255 0.3346956670284271 0.30806106328964233 0.351215124130249 0.2919159233570099
2018-10-24 17:00:00	0.1551291048526764 0.1428879052400589 0.1362500786781311 0.14083203673362732 0.1347021460533142 0.15143302083015442 0.13230958580970764
2017-08-29 05:00:00	0.13957104086875916 0.13523544371128082 0.1264856904745102 0.13210879266262054 0.13472162187099457 0.15844768285751343 0.1271199882030487
2018-03-31 01:00:00	0.25848549604415894 0.22442618012428284 0.22753840684890747 0.2539074420928955 0.22883132100105286 0.25714728236198425 0.227421373128891
2017-09-13 12:00:00	0.28878307342529297 0.24253398180007935 0.21921339631080627 0.251544713973999 0.24816763401031494 0.3017365038394928 0.2449798285961151
2016-06-24 12:00:00	0.24674876034259796 0.24548637866973877 0.2397928535938263 0.27747905254364014 0.2932072877883911 0.3520786762237549 0.27880457043647766
2018-07-15 10:00:00	0.09678027033805847 0.10032519698143005 0.09667597711086273 0.10539485514163971 0.10758480429649353 0.13292312622070312 0.09407509118318558
2016-08-25 16:00:00	0.3208976984024048 0.3069826364517212 0.29655882716178894 0.35031867027282715 0.33005720376968384 0.4252511262893677 0.3601642847061157
2018-10-23 21:00:00	0.3108711838722229 0.28651857376098633 0.2625632882118225 0.3042027950286865 0.2773582935333252 0.34141963720321655 0.29004067182540894
2016-08-20 12:00:00	0.09954382479190826 0.1064218059182167 0.09731335192918777 0.11202462017536163 0.10432291030883789 0.13754604756832123 0.09582564234733582
2018-06-23 22:00:00	0.0917121171951294 0.08810686320066452 0.08926737308502197 0.0879177376627922 0.08639433234930038 0.10870271921157837 0.08520971238613129
2016-06-02 00:00:00	0.3145759701728821 0.26464682817459106 0.2696587145328522 0.3123437464237213 0.2761854827404022 0.31171324849128723 0.26844772696495056
2018-06-18 20:00:00	0.11704409867525101 0.11187957972288132 0.10510717332363129 0.1028013527393341 0.1050131767988205 0.12305240333080292 0.10191433131694794
2017-06-13 10:00:00	0.10325272381305695 0.09569555521011353 0.0973283052444458 0.10002951323986053 0.10092002153396606 0.12132172286510468 0.09718397259712219
2018-09-28 18:00:00	0.4234793782234192 0.3890870213508606 0.33806127309799194 0.3935704827308655 0.3542120158672333 0.4464961886405945 0.37832432985305786
2016-10-14 21:00:00	0.11373237520456314 0.1130463182926178 0.10146120190620422 0.10721263289451599 0.10432066768407822 0.12878656387329102 0.10285624116659164
2017-01-14 09:00:00	0.5251535177230835 0.4716988503932953 0.4132516086101532 0.4929656386375427 0.4503866136074066 0.5290021300315857 0.4183105230331421
2017-11-03 16:00:00	0.1584947556257248 0.14664988219738007 0.13755962252616882 0.14860907196998596 0.1454678624868393 0.16348235309123993 0.13580024242401123
2018-09-09 09:00:00	0.10242930054664612 0.09651439636945724 0.09908150136470795 0.10252386331558228 0.11095777899026871 0.1318470537662506 0.10087846219539642
2016-12-05 14:00:00	0.16400347650051117 0.15756848454475403 0.1427561640739441 0.16032806038856506 0.14438877999782562 0.18102771043777466 0.1419571340084076
2018-03-30 23:00:00	0.2675285339355469 0.215573251247406 0.2276991903781891 0.2576327919960022 0.2344496250152588 0.2620387673377991 0.23613885045051575
2017-02-12 23:00:00	0.30802130699157715 0.30537667870521545 0.28156590461730957 0.34056681394577026 0.30872616171836853 0.3968653976917267 0.33684247732162476
2018-03-06 04:00:00	0.48185640573501587 0.44213181734085083 0.3724950850009918 0.43987131118774414 0.4047359824180603 0.4724389314651489 0.35170915722846985
2018-01-29 06:00:00	0.1180199384689331 0.11195461452007294 0.10607966780662537 0.11063709855079651 0.10481403023004532 0.13250985741615295 0.10460919141769409
2016-10-09 21:00:00	0.08612653613090515 0.08319152891635895 0.08470062911510468 0.08092783391475677 0.08026198297739029 0.10222012549638748 0.08071118593215942
2017-06-02 16:00:00	0.1987898051738739 0.16975805163383484 0.16571417450904846 0.18123272061347961 0.17233417928218842 0.2201242297887802 0.19478726387023926
2017-12-30 13:00:00	0.2733617424964905 0.24448755383491516 0.22041825950145721 0.24219590425491333 0.23665323853492737 0.26059553027153015 0.21381846070289612
2018-06-24 02:00:00	0.12298816442489624 0.12526999413967133 0.11583659052848816 0.11943657696247101 0.11218708008527756 0.13956739008426666 0.11077222228050232
2017-10-07 19:00:00	0.29853740334510803 0.26634687185287476 0.248783677816391 0.2839599847793579 0.2741251289844513 0.2723430097103119 0.22633689641952515
2018-06-06 17:00:00	0.2766959071159363 0.24720284342765808 0.22384551167488098 0.2632899284362793 0.2489292323589325 0.2955531179904938 0.24581283330917358
2018-06-14 11:00:00	0.28408104181289673 0.26899150013923645 0.23630011081695557 0.27661269903182983 0.26248231530189514 0.3015817403793335 0.25863194465637207
2017-04-23 09:00:00	0.265470027923584 0.22234220802783966 0.21073153614997864 0.23571503162384033 0.220323383808136 0.24772028625011444 0.20173302292823792
2017-11-26 01:00:00	0.2332872450351715 0.20371995866298676 0.19651901721954346 0.2163219153881073 0.2049013078212738 0.23026955127716064 0.20254424214363098
2018-07-17 14:00:00	0.3917168378829956 0.34737637639045715 0.2945382297039032 0.35974040627479553 0.3394784927368164 0.4042867422103882 0.31420716643333435
2016-12-31 13:00:00	0.13666048645973206 0.13406193256378174 0.13226601481437683 0.13750557601451874 0.1262737214565277 0.14825180172920227 0.12686271965503693
2018-09-11 03:00:00	0.14350759983062744 0.1358199566602707 0.13204708695411682 0.1402462124824524 0.13297651708126068 0.1535896360874176 0.12993000447750092
2017-08-12 21:00:00	0.289474219083786 0.2790297269821167 0.25365734100341797 0.28767889738082886 0.2843761742115021 0.2773307263851166 0.2224554568529129
2017-01-30 05:00:00	0.30522945523262024 0.2942045331001282 0.25336790084838867 0.29464349150657654 0.27484381198883057 0.33551523089408875 0.276867151260376
2016-05-01 11:00:00	0.11122139543294907 0.11401166021823883 0.10673485696315765 0.12218093872070312 0.11378536373376846 0.14924916625022888 0.10911296308040619
2018-12-31 15:00:00	0.41537249088287354 0.3800138235092163 0.3007984161376953 0.3467774987220764 0.31200286746025085 0.38852375745773315 0.32068949937820435
2017-03-23 06:00:00	0.22243139147758484 0.2221156656742096 0.20410093665122986 0.2362683117389679 0.22253993153572083 0.27007561922073364 0.22370794415473938
2017-10-04 22:00:00	0.1499398946762085 0.14543098211288452 0.13859674334526062 0.14667552709579468 0.14418822526931763 0.1621474325656891 0.13740761578083038
2016-07-24 02:00:00	0.22769543528556824 0.219317227602005 0.20755064487457275 0.2412787675857544 0.22699850797653198 0.26832062005996704 0.21993808448314667
2018-10-08 22:00:00	0.09371018409729004 0.08921481668949127 0.09031376242637634 0.09058654308319092 0.08789125829935074 0.11105382442474365 0.08683974295854568
2017-11-15 03:00:00	0.36148491501808167 0.3463934063911438 0.28756508231163025 0.3220425546169281 0.2892763018608093 0.33139926195144653 0.2717086672782898
2017-02-16 20:00:00	0.12075909227132797 0.11601528525352478 0.10653217881917953 0.12045878171920776 0.10613561421632767 0.13236434757709503 0.09450112283229828
2016-12-23 00:00:00	0.32755017280578613 0.3225966989994049 0.30095374584198 0.36186444759368896 0.3334319591522217 0.4189399480819702 0.34855759143829346
2017-06-14 16:00:00	0.20785847306251526 0.17674215137958527 0.17122557759284973 0.18813438713550568 0.17881086468696594 0.2292977124452591 0.20366120338439941
2018-01-15 09:00:00	0.3062611222267151 0.30341237783432007 0.25048908591270447 0.29977864027023315 0.26462820172309875 0.2973375618457794 0.2324594259262085
2016-11-15 14:00:00	0.10817086696624756 0.10550800710916519 0.10336960852146149 0.10718242824077606 0.10051883012056351 0.12373745441436768 0.09393732994794846
2018-09-15 22:00:00	0.12437614053487778 0.11751442402601242 0.1125861331820488 0.10735058784484863 0.1132354587316513 0.1278708428144455 0.11187458783388138
2017-03-28 14:00:00	0.19292326271533966 0.18827193975448608 0.18361029028892517 0.20691123604774475 0.19349873065948486 0.23399746417999268 0.1868181824684143
2016-07-02 07:00:00	0.09863147884607315 0.09746208786964417 0.09472017735242844 0.10382732003927231 0.09955579042434692 0.1252923309803009 0.09089509397745132
2018-02-27 21:00:00	0.46394121646881104 0.4521336853504181 0.41099870204925537 0.4749724864959717 0.45172035694122314 0.4553135633468628 0.4320126175880432
2017-11-28 00:00:00	0.3312864303588867 0.2776455283164978 0.26855677366256714 0.30283641815185547 0.2853896915912628 0.30745917558670044 0.2609827518463135
2016-07-31 17:00:00	0.09320703893899918 0.08862161636352539 0.08975043147802353 0.09004190564155579 0.08714844286441803 0.1105121523141861 0.08646590262651443
2017-12-02 10:00:00	0.3989691138267517 0.3844135105609894 0.34480831027030945 0.4011768698692322 0.36128970980644226 0.40521305799484253 0.3502514958381653
2016-04-07 18:00:00	0.5275145173072815 0.4772341251373291 0.3777565360069275 0.43777477741241455 0.38577893376350403 0.45679426193237305 0.344436377286911
2016-12-27 11:00:00	0.09027106314897537 0.0864301398396492 0.08767519891262054 0.08634881675243378 0.08429275453090668 0.10714772343635559 0.08413639664649963
2017-11-01 21:00:00	0.15096406638622284 0.14969511330127716 0.12387753278017044 0.1423640102148056 0.12438733875751495 0.15038037300109863 0.12353668361902237
2016-07-05 02:00:00	0.23165521025657654 0.21044710278511047 0.1979534924030304 0.2271447777748108 0.21006453037261963 0.2470860481262207 0.2101721167564392
2018-02-03 19:00:00	0.5481351613998413 0.5648177266120911 0.5005111694335938 0.5904645323753357 0.5271331667900085 0.5250371694564819 0.4991728663444519
2018-10-20 08:00:00	0.10448166728019714 0.10408017039299011 0.10066664963960648 0.10410700738430023 0.10200253129005432 0.12539774179458618 0.09581144154071808
2018-10-13 14:00:00	0.1797223687171936 0.17768879234790802 0.18022164702415466 0.20075541734695435 0.19515688717365265 0.2474077045917511 0.1986943632364273
2018-09-14 18:00:00	0.1311466097831726 0.12526732683181763 0.1231723502278328 0.12833960354328156 0.12052738666534424 0.1367570459842682 0.1188041940331459
2017-09-14 05:00:00	0.09414973855018616 0.08932526409626007 0.09041676670312881 0.0912277102470398 0.08806535601615906 0.11159242689609528 0.08721387386322021
2017-12-07 07:00:00	0.15294954180717468 0.14598892629146576 0.132474884390831 0.14138831198215485 0.14767099916934967 0.15988311171531677 0.1325523853302002
2016-06-07 01:00:00	0.1605772227048874 0.14377611875534058 0.1391315460205078 0.1416555792093277 0.13116449117660522 0.1449986845254898 0.1339779645204544
2016-12-07 04:00:00	0.11479602754116058 0.11068569123744965 0.10459484905004501 0.11211803555488586 0.0982847809791565 0.12556220591068268 0.09506020694971085
2018-07-29 15:00:00	0.1064034253358841 0.1057596206665039 0.09964120388031006 0.109158456325531 0.09716454148292542 0.13204292953014374 0.10215973854064941
2017-04-10 13:00:00	0.1125638335943222 0.12139178812503815 0.11210549622774124 0.1144309714436531 0.11829961091279984 0.1336982399225235 0.10128305107355118
2017-06-07 18:00:00	0.2735293507575989 0.2685315012931824 0.2309398353099823 0.2660979628562927 0.23645451664924622 0.27282053232192993 0.20570337772369385
2017-05-26 18:00:00	0.23229992389678955 0.20675644278526306 0.19243717193603516 0.21903178095817566 0.20688378810882568 0.2471993863582611 0.20675168931484222
2018-10-20 19:00:00	0.10961581766605377 0.11458015441894531 0.10763643682003021 0.10791264474391937 0.09862448275089264 0.12569788098335266 0.09859725832939148
2016-09-09 07:00:00	0.22839143872261047 0.22145304083824158 0.1767379343509674 0.20217442512512207 0.18168118596076965 0.2171367108821869 0.16854006052017212
2016-08-19 21:00:00	0.10548226535320282 0.1033259779214859 0.10304969549179077 0.10115396976470947 0.09737208485603333 0.11991749703884125 0.09659590572118759
2018-07-07 02:00:00	0.13082879781723022 0.1240861788392067 0.12246090173721313 0.12224289774894714 0.12092121690511703 0.12987396121025085 0.11457712948322296
2017-02-16 19:00:00	0.11607376486063004 0.1114196628332138 0.10477030277252197 0.11770101636648178 0.1023530438542366 0.12894096970558167 0.09388169646263123
2018-02-09 04:00:00	0.297119140625 0.25918108224868774 0.2479352355003357 0.2840171754360199 0.27311643958091736 0.2509158253669739 0.21940231323242188
2017-11-20 17:00:00	0.3352198004722595 0.276137113571167 0.25898414850234985 0.2865465581417084 0.2833416163921356 0.2936766743659973 0.2657775282859802
2018-06-27 10:00:00	0.12449514865875244 0.12317286431789398 0.12184514105319977 0.12228573858737946 0.11782664060592651 0.15129488706588745 0.11399637907743454
2018-01-02 00:00:00	0.4109991788864136 0.35035982728004456 0.3267204463481903 0.38542020320892334 0.3568795919418335 0.4368945360183716 0.34791550040245056
2018-03-23 06:00:00	0.5607635974884033 0.5563673973083496 0.4878314435482025 0.5740190148353577 0.5357027053833008 0.5461225509643555 0.5237877368927002
2017-12-08 01:00:00	0.18040576577186584 0.16827557981014252 0.15619659423828125 0.17049460113048553 0.16328546404838562 0.1823277622461319 0.15550664067268372
2017-06-28 13:00:00	0.22349503636360168 0.18512482941150665 0.1807093620300293 0.2058301568031311 0.19951081275939941 0.2451382875442505 0.2083965241909027
2017-03-28 15:00:00	0.17456495761871338 0.1626383513212204 0.16324417293071747 0.17719046771526337 0.16634221374988556 0.1985137164592743 0.16373172402381897
2018-03-14 04:00:00	0.38685178756713867 0.3379405438899994 0.3118387460708618 0.3649359941482544 0.3323858082294464 0.3985006809234619 0.3218329846858978
2016-04-30 00:00:00	0.2454364001750946 0.23577629029750824 0.19229373335838318 0.22207224369049072 0.2062864899635315 0.24836000800132751 0.19990774989128113
2017-04-18 08:00:00	0.29268699884414673 0.24728062748908997 0.22811445593833923 0.2583816647529602 0.23891031742095947 0.27096253633499146 0.2160242199897766
2018-09-24 16:00:00	0.20820990204811096 0.17810139060020447 0.17596009373664856 0.19429795444011688 0.18151140213012695 0.22125422954559326 0.19763879477977753
2017-08-07 05:00:00	0.10913797467947006 0.10769034922122955 0.09916408360004425 0.1085987240076065 0.10707251727581024 0.12852485477924347 0.10197847336530685
2018-02-27 23:00:00	0.5176033973693848 0.45156270265579224 0.4064280092716217 0.4873031973838806 0.4511334300041199 0.5213302373886108 0.41216224431991577
2016-05-08 16:00:00	0.1590750515460968 0.1555490493774414 0.1446373164653778 0.15084798634052277 0.13521938025951385 0.1669967919588089 0.1322890669107437
2017-01-28 19:00:00	0.13742829859256744 0.14672505855560303 0.1336362361907959 0.13384182751178741 0.12523557245731354 0.13062486052513123 0.11658717691898346
2016-04-30 01:00:00	0.22932574152946472 0.22063106298446655 0.18603041768074036 0.21381929516792297 0.19985909759998322 0.24268704652786255 0.1966574490070343
2018-09-08 17:00:00	0.12569282948970795 0.11949889361858368 0.1140446737408638 0.11575458943843842 0.11569772660732269 0.13408707082271576 0.11320063471794128
2017-06-24 19:00:00	0.10320702195167542 0.09834107756614685 0.0986609160900116 0.10550494492053986 0.1007569432258606 0.11673665046691895 0.09690986573696136
2016-04-22 19:00:00	0.27225038409233093 0.22345483303070068 0.23217788338661194 0.26414257287979126 0.2411840856075287 0.2789173722267151 0.25428691506385803
2016-06-14 12:00:00	0.3219407796859741 0.27878057956695557 0.2497865855693817 0.2890859842300415 0.27399587631225586 0.32999294996261597 0.2714877724647522
2018-08-21 22:00:00	0.18400132656097412 0.17618229985237122 0.1703501045703888 0.19074055552482605 0.1783490926027298 0.21045812964439392 0.17994582653045654
2017-01-19 11:00:00	0.18151597678661346 0.16566681861877441 0.15748298168182373 0.16905507445335388 0.15496912598609924 0.18102695047855377 0.1502424031496048
2018-12-17 15:00:00	0.3252350389957428 0.25091272592544556 0.27368301153182983 0.31211036443710327 0.2803303897380829 0.34386008977890015 0.31989720463752747
2018-01-20 21:00:00	0.4777648448944092 0.44439056515693665 0.38471078872680664 0.45987701416015625 0.42659494280815125 0.48692741990089417 0.3929942548274994
2018-06-14 03:00:00	0.3525131344795227 0.2665027678012848 0.28959575295448303 0.3338904082775116 0.30509233474731445 0.2919660210609436 0.27454206347465515
2016-11-16 00:00:00	0.10132409632205963 0.09528740495443344 0.09600485861301422 0.09856251627206802 0.09463697671890259 0.11796913295984268 0.09313337504863739
2016-05-05 17:00:00	0.10527203232049942 0.10408400744199753 0.09767884761095047 0.10753464698791504 0.09525083750486374 0.12891925871372223 0.09923836588859558
2018-12-25 06:00:00	0.1840009242296219 0.16302111744880676 0.15990249812602997 0.17669346928596497 0.16501136124134064 0.19378024339675903 0.1622961163520813
2018-05-27 08:00:00	0.21042755246162415 0.20051084458827972 0.19647261500358582 0.21980136632919312 0.21745210886001587 0.2589710056781769 0.2122766673564911
2016-09-23 00:00:00	0.195840522646904 0.1813514530658722 0.17131856083869934 0.19575923681259155 0.18209335207939148 0.2157568335533142 0.18447184562683105
2016-12-30 17:00:00	0.2559118866920471 0.2389639914035797 0.21848005056381226 0.2521861791610718 0.234580397605896 0.28631138801574707 0.24450048804283142
2017-10-24 00:00:00	0.28833115100860596 0.24632501602172852 0.23775729537010193 0.269511878490448 0.25150611996650696 0.2767067551612854 0.23634567856788635
2016-07-27 22:00:00	0.1338130235671997 0.12836916744709015 0.11707331240177155 0.12634781002998352 0.1180441603064537 0.1521153301000595 0.12077709287405014
2018-12-06 00:00:00	0.18853208422660828 0.16668687760829926 0.16406692564487457 0.18064340949058533 0.16189835965633392 0.1954156458377838 0.17193055152893066
2018-06-03 11:00:00	0.09494629502296448 0.09129804372787476 0.09130258858203888 0.09283854067325592 0.08852861076593399 0.11396412551403046 0.08899876475334167
2016-06-13 18:00:00	0.419536828994751 0.3875522017478943 0.33786216378211975 0.3985232710838318 0.3630775213241577 0.42556506395339966 0.34177014231681824
2018-08-10 21:00:00	0.3845300078392029 0.35661473870277405 0.32070600986480713 0.37379658222198486 0.3366756737232208 0.4271228015422821 0.36188018321990967
2017-04-25 06:00:00	0.08985704183578491 0.08620864152908325 0.08746608346700668 0.08579252660274506 0.08399197459220886 0.10665924847126007 0.08379769325256348
2018-12-02 00:00:00	0.11519347131252289 0.11849076300859451 0.11171872168779373 0.11503751575946808 0.10625758767127991 0.13390576839447021 0.09915442764759064
2017-04-28 05:00:00	0.17022350430488586 0.1563432216644287 0.15313753485679626 0.16284623742103577 0.1528092622756958 0.16523808240890503 0.13905228674411774
2018-11-29 18:00:00	0.530392587184906 0.5047900080680847 0.44018709659576416 0.5201789140701294 0.47927001118659973 0.6153346300125122 0.5188020467758179
2016-12-30 10:00:00	0.2681991755962372 0.2602636218070984 0.24452152848243713 0.2807268500328064 0.2709485590457916 0.3460075855255127 0.29005637764930725
2018-07-30 14:00:00	0.129201740026474 0.1221078559756279 0.12522557377815247 0.1294586956501007 0.12917694449424744 0.16478124260902405 0.1326838731765747
2016-05-21 07:00:00	0.5433381199836731 0.5019139647483826 0.39335912466049194 0.4557337760925293 0.40359774231910706 0.4690523147583008 0.36291322112083435
2018-09-10 20:00:00	0.10211634635925293 0.09830993413925171 0.09855372458696365 0.09510325640439987 0.09425929933786392 0.11407831311225891 0.09414434432983398
2017-10-13 23:00:00	0.3053606152534485 0.2884427309036255 0.26662206649780273 0.31179723143577576 0.28705599904060364 0.3453080654144287 0.2857418358325958
2017-10-02 20:00:00	0.13521578907966614 0.137628436088562 0.11980272829532623 0.12550672888755798 0.120383620262146 0.14713501930236816 0.11373525857925415
2018-01-03 18:00:00	0.3285914957523346 0.30252164602279663 0.27901557087898254 0.32442182302474976 0.3143814206123352 0.28678232431411743 0.24632352590560913
2016-07-18 05:00:00	0.13902521133422852 0.13431593775749207 0.12814070284366608 0.13879436254501343 0.12968994677066803 0.1676667183637619 0.12768025696277618
2017-12-16 18:00:00	0.5187413096427917 0.5116868615150452 0.47337302565574646 0.551185131072998 0.5168096423149109 0.4856187105178833 0.5054059624671936
2017-06-26 19:00:00	0.19567273557186127 0.17196369171142578 0.1701061725616455 0.18049469590187073 0.17665454745292664 0.17762237787246704 0.1637933850288391
2018-01-07 23:00:00	0.15157896280288696 0.15612569451332092 0.13708189129829407 0.14829200506210327 0.13122795522212982 0.16051027178764343 0.12279185652732849
2017-01-23 13:00:00	0.20381712913513184 0.19903987646102905 0.17033958435058594 0.1869773268699646 0.15894225239753723 0.20131871104240417 0.15300217270851135
2016-12-15 12:00:00	0.0981607735157013 0.09231918305158615 0.09325189143419266 0.09627307951450348 0.09196670353412628 0.11618879437446594 0.09039636701345444
2017-08-01 08:00:00	0.377094030380249 0.35390400886535645 0.33007633686065674 0.3875669240951538 0.36039069294929504 0.4510613679885864 0.3794916570186615
2016-06-26 07:00:00	0.28282326459884644 0.2809373140335083 0.2676703929901123 0.30936965346336365 0.30872976779937744 0.37490636110305786 0.29863405227661133
2016-06-09 19:00:00	0.10071605443954468 0.09380409866571426 0.09439193457365036 0.0993436649441719 0.09461307525634766 0.11923938989639282 0.09231540560722351
2017-07-07 06:00:00	0.2810603976249695 0.272006630897522 0.2591698169708252 0.3078359365463257 0.2897012531757355 0.34766316413879395 0.28084099292755127
2016-04-04 20:00:00	0.08915936946868896 0.085600346326828 0.08688941597938538 0.08495044708251953 0.08321145921945572 0.10587380826473236 0.08325433731079102
2018-01-04 16:00:00	0.25575965642929077 0.22757157683372498 0.2167530357837677 0.24509114027023315 0.23659420013427734 0.24784612655639648 0.20731019973754883
2017-11-06 12:00:00	0.12997953593730927 0.12683895230293274 0.12742862105369568 0.13476985692977905 0.12610360980033875 0.15419000387191772 0.11956135928630829
2018-12-06 06:00:00	0.25249528884887695 0.22016164660453796 0.20877039432525635 0.23721061646938324 0.2097768485546112 0.25587645173072815 0.23342540860176086
2016-04-24 09:00:00	0.5096864104270935 0.4722656309604645 0.3960188925266266 0.46679437160491943 0.43087348341941833 0.48596733808517456 0.38308772444725037
2017-07-05 00:00:00	0.36406442523002625 0.34492599964141846 0.31308305263519287 0.37425971031188965 0.347472608089447 0.41695281863212585 0.3327206075191498
2017-08-13 11:00:00	0.3851814866065979 0.32477253675460815 0.2813149690628052 0.3243768811225891 0.3215564489364624 0.3925795257091522 0.3011356294155121
2017-02-04 09:00:00	0.46062642335891724 0.4127143323421478 0.3528795540332794 0.41279685497283936 0.3721100091934204 0.42274314165115356 0.311097651720047
2017-07-26 15:00:00	0.42365574836730957 0.37052440643310547 0.3263981342315674 0.3943582773208618 0.37815535068511963 0.4486836791038513 0.351066529750824
2018-02-01 03:00:00	0.3222739100456238 0.26294609904289246 0.2643556296825409 0.30427271127700806 0.28016549348831177 0.33509400486946106 0.2963514029979706
2016-04-20 07:00:00	0.2711409628391266 0.23559124767780304 0.2195603847503662 0.24783653020858765 0.23229838907718658 0.24472428858280182 0.20422741770744324
2018-11-09 06:00:00	0.27864527702331543 0.2713666558265686 0.24691173434257507 0.2930753827095032 0.2708521783351898 0.3258330821990967 0.27000728249549866
2017-05-14 01:00:00	0.3375426232814789 0.2991747558116913 0.26903876662254333 0.3075565695762634 0.3083803951740265 0.27640271186828613 0.23073136806488037
2017-06-18 10:00:00	0.1479099839925766 0.14084607362747192 0.13335801661014557 0.1407618522644043 0.13942314684391022 0.16393986344337463 0.1366393119096756
2017-06-07 05:00:00	0.19892773032188416 0.188920795917511 0.15809231996536255 0.18016724288463593 0.16596056520938873 0.20072224736213684 0.16238343715667725
2018-10-19 02:00:00	0.2062552124261856 0.19635701179504395 0.16898344457149506 0.19359159469604492 0.17915204167366028 0.22037729620933533 0.1831253170967102
2017-05-14 07:00:00	0.19708746671676636 0.19569800794124603 0.1605958640575409 0.17816343903541565 0.18303275108337402 0.20062264800071716 0.15693533420562744
2018-07-10 21:00:00	0.20070070028305054 0.18196597695350647 0.1734405755996704 0.1833500862121582 0.17984746396541595 0.17930258810520172 0.16184201836585999
2018-05-19 02:00:00	0.2951320707798004 0.2877597510814667 0.23638668656349182 0.26220938563346863 0.22942104935646057 0.26520466804504395 0.20716609060764313
2016-06-18 19:00:00	0.14716151356697083 0.12992048263549805 0.13324064016342163 0.13836142420768738 0.12939205765724182 0.14594757556915283 0.13491669297218323
2016-09-27 08:00:00	0.1346846967935562 0.13267718255519867 0.13230158388614655 0.13995400071144104 0.1325942575931549 0.16300715506076813 0.13009533286094666
2016-10-15 14:00:00	0.11152762919664383 0.10544955730438232 0.10408292710781097 0.10815028101205826 0.10432378947734833 0.130094975233078 0.10262884199619293
2018-10-20 17:00:00	0.15403437614440918 0.14310841262340546 0.13401219248771667 0.14584320783615112 0.12561655044555664 0.15422432124614716 0.12866392731666565
2017-08-25 17:00:00	0.24127796292304993 0.22131583094596863 0.21788102388381958 0.25185108184814453 0.23089420795440674 0.2891324758529663 0.24816468358039856
2018-12-09 12:00:00	0.3208189606666565 0.2637706995010376 0.256070613861084 0.29535815119743347 0.27048057317733765 0.2762051224708557 0.23507258296012878
2018-01-04 21:00:00	0.2782001197338104 0.27502986788749695 0.2407805621623993 0.27362480759620667 0.2697640061378479 0.3084738254547119 0.24617910385131836
2017-07-25 17:00:00	0.2252294272184372 0.19591066241264343 0.18433037400245667 0.20461365580558777 0.19546779990196228 0.23683425784111023 0.20041333138942719
2017-11-08 02:00:00	0.3342767357826233 0.315925657749176 0.2639486789703369 0.2908058166503906 0.258168488740921 0.2948673367500305 0.24370649456977844
2017-01-10 12:00:00	0.29141706228256226 0.264832079410553 0.2323225885629654 0.2583623230457306 0.2418144792318344 0.2939174473285675 0.23707234859466553
2016-10-15 15:00:00	0.1101866066455841 0.11067946255207062 0.10953215509653091 0.1152811050415039 0.10616441816091537 0.13039283454418182 0.09825796633958817
2018-03-08 08:00:00	0.5972381830215454 0.5247671008110046 0.44795742630958557 0.538275957107544 0.4890965521335602 0.5757018327713013 0.4220007359981537
2017-11-27 21:00:00	0.31351035833358765 0.25632500648498535 0.25757718086242676 0.2925170063972473 0.2770865559577942 0.28674399852752686 0.25417667627334595
2016-08-28 02:00:00	0.26623737812042236 0.2544792890548706 0.23719823360443115 0.27992528676986694 0.2637562155723572 0.3148841857910156 0.25413385033607483
2016-10-30 22:00:00	0.1972438395023346 0.1970841884613037 0.17315633594989777 0.1963464468717575 0.18630385398864746 0.2260838747024536 0.17847755551338196
2017-12-24 17:00:00	0.3161773383617401 0.3173304796218872 0.27577242255210876 0.3216472864151001 0.31810033321380615 0.3486631512641907 0.27195611596107483
2018-04-12 17:00:00	0.24726028740406036 0.2435699999332428 0.19530059397220612 0.2139374166727066 0.19271492958068848 0.22521676123142242 0.184578537940979
2017-04-24 00:00:00	0.2783172130584717 0.2340393215417862 0.22907543182373047 0.2575671672821045 0.23951302468776703 0.24857908487319946 0.21199741959571838
2018-07-21 16:00:00	0.1898491084575653 0.1620776653289795 0.15620157122612 0.17203661799430847 0.1671326756477356 0.2164221853017807 0.19701506197452545
2016-06-09 08:00:00	0.10199038684368134 0.11265257745981216 0.10124950855970383 0.10312440991401672 0.10954461991786957 0.13211752474308014 0.10212787985801697
2018-02-24 06:00:00	0.34136295318603516 0.32717469334602356 0.2663635313510895 0.29433563351631165 0.27767035365104675 0.30693721771240234 0.2509549856185913
